Brand,Coe_left,Mileage,Road Tax,COE,Engine Cap,Curb Weight,OMV,Power,No. of Owners,Type_Hatchback,Type_Luxury Sedan,Type_MPV,Type_Mid-Sized Sedan,Type_SUV,Type_Sports Car,Type_Stationwagon,Transmission_Auto,Transmission_Manual,Age,OMV_per_cc,Power_per_kg,Mileage_per_year,COE_remaining_pct,Actual_Price,Predicted_Price,Absolute_Error,Percentage_Error
Mercedes-Benz,8.6,16000,1202,37989,1991,1655,55963,135,1,0,0,0,0,0,1,0,1,0,8,28.107985936715217,0.08157099697885196,2000.0,0.002356164383561644,215000,199701.38,15298.619999999995,7.1156372093023235
Volkswagen,9.32,122000,682,33140,1390,1285,25559,118,5,0,0,0,0,0,1,0,1,0,16,18.38776978417266,0.09182879377431907,7625.0,0.0025534246575342466,65000,66369.33,1369.3300000000017,2.1066615384615415
Toyota,4.71,94000,742,46651,1598,1205,19589,90,1,0,0,0,1,0,0,0,1,0,11,12.258448060075095,0.07468879668049792,8545.454545454546,0.0012904109589041096,56300,55672.21,627.7900000000009,1.115079928952044
Mitsubishi,7.76,23000,684,34509,1499,1490,22865,120,1,0,0,0,0,1,0,0,1,0,8,15.253502334889927,0.08053691275167785,2875.0,0.002126027397260274,96800,101028.56,4228.559999999998,4.368347107438014
Honda,6.75,130000,1369,44998,1799,1370,20815,103,2,0,0,1,0,0,0,0,1,0,19,11.570316842690383,0.07518248175182482,6842.105263157895,0.0018493150684931506,48800,50520.59,1720.5899999999965,3.525799180327862
Mercedes-Benz,9.12,6000,1202,35889,1991,1635,71968,310,1,0,0,0,0,0,1,0,1,0,6,36.14665996986439,0.18960244648318042,1000.0,0.002498630136986301,275000,317997.58,42997.580000000016,15.635483636363642
Mercedes-Benz,8.43,38000,1202,41805,1991,1735,44771,155,1,0,0,0,0,1,0,0,1,0,7,22.486690105474636,0.0893371757925072,5428.571428571428,0.0023095890410958905,181800,195196.86,13396.859999999986,7.369009900990091
Peugeot,7.48,55348,508,25000,1199,1190,21414,96,1,0,0,0,0,0,0,1,1,0,8,17.859883236030026,0.08067226890756303,6918.5,0.0020493150684931507,86800,79790.08,7009.919999999998,8.075944700460827
Honda,1.51,135000,1369,25925,1799,1350,18410,103,4,0,0,1,0,0,0,0,1,0,19,10.233463035019454,0.07629629629629629,7105.263157894737,0.0004136986301369863,12888,11456.97,1431.0300000000007,11.103584729981383
Kia,4.89,39000,738,47300,1591,1295,16352,95,1,0,0,0,1,0,0,0,1,0,10,10.277812696417348,0.07335907335907337,3900.0,0.00133972602739726,53888,53829.46,58.54000000000087,0.10863271971496599
Mercedes-Benz,3.86,19900,740,62002,1595,1430,27462,90,1,0,1,0,0,0,0,0,1,0,11,17.217554858934168,0.06293706293706294,1809.090909090909,0.0010575342465753423,73800,74851.0,1051.0,1.424119241192412
Peugeot,6.94,53000,742,37605,1598,1300,28726,121,2,0,0,0,0,1,0,0,1,0,9,17.97622027534418,0.09307692307692307,5888.888888888889,0.0019013698630136987,99888,100223.4,335.3999999999942,0.33577606919749536
Mercedes-Benz,5.61,28000,740,57002,1595,1475,38166,115,2,0,0,0,0,0,1,0,1,0,10,23.928526645768024,0.07796610169491526,2800.0,0.001536986301369863,130800,126548.13,4251.869999999995,3.250665137614675
Mercedes-Benz,9.62,156,3922,49489,3982,1650,241799,430,1,0,0,0,0,0,1,0,1,0,6,60.7230035158212,0.2606060606060606,26.0,0.002635616438356164,999888,750468.84,249419.16000000003,24.944709807498445
Lexus,8.2,110339,2160,39936,2500,1625,38495,153,5,0,1,0,0,0,0,0,1,0,17,15.398,0.09415384615384616,6490.529411764706,0.002246575342465753,61800,65536.05,3736.050000000003,6.045388349514568
Mazda,5.69,88061,682,48401,1496,1036,15382,85,1,1,0,0,0,0,0,0,1,0,10,10.282085561497325,0.08204633204633205,8806.1,0.0015589041095890412,53800,55185.64,1385.6399999999994,2.575539033457248
Hyundai,3.07,149819,886,14920,1591,1264,11278,89,3,0,0,0,1,0,0,0,1,0,17,7.088623507228158,0.07041139240506329,8812.882352941177,0.0008410958904109589,30998,19617.75,11380.25,36.71285244209304
Mercedes-Benz,4.01,73526,1202,71889,1991,1655,47421,135,1,0,1,0,0,0,0,0,1,0,11,23.81767955801105,0.08157099697885196,6684.181818181818,0.0010986301369863014,90500,107635.56,17135.559999999998,18.934320441988948
MINI,4.62,64000,1210,55089,1998,1240,27967,141,2,0,0,0,0,0,1,0,1,0,11,13.997497497497497,0.11370967741935484,5818.181818181818,0.0012657534246575343,86800,76610.83,10189.169999999998,11.738675115207371
Skoda,9.66,2000,624,49500,1395,1706,30382,110,1,0,0,0,0,1,0,0,1,0,6,21.77921146953405,0.06447831184056271,333.3333333333333,0.0026465753424657536,162988,161851.14,1136.859999999986,0.697511473237285
SEAT,8.15,25276,624,39406,1395,1476,27579,110,1,0,0,0,0,1,0,0,1,0,8,19.76989247311828,0.07452574525745258,3159.5,0.002232876712328767,107500,119590.03,12090.029999999999,11.24653953488372
Nissan,8.6,84000,4363,39463,3799,1745,108540,357,4,0,0,0,0,0,1,0,1,0,17,28.57067649381416,0.20458452722063036,4941.176470588235,0.002356164383561644,240000,230513.31,9486.690000000002,3.9527875000000012
Mazda,9.52,126000,1672,40714,2261,1780,32907,120,3,0,0,1,0,0,0,0,1,0,16,14.554179566563468,0.06741573033707865,7875.0,0.0026082191780821915,70888,76767.22,5879.220000000001,8.293674528834218
Lamborghini,3.09,10888,7856,84100,6498,1690,492350,530,3,0,0,0,0,0,1,0,1,0,12,75.7694675284703,0.3136094674556213,907.3333333333334,0.0008465753424657534,1100888,739156.19,361731.81000000006,32.85818448379854
Mercedes-Benz,4.33,111000,740,55889,1595,1425,26023,90,2,1,0,0,0,0,0,0,1,0,11,16.315360501567397,0.06315789473684211,10090.90909090909,0.0011863013698630138,65800,65899.95,99.94999999999709,0.1518996960486278
BMW,8.4,18000,1210,41805,1998,1660,40968,135,1,0,0,0,0,1,0,0,1,0,7,20.504504504504503,0.08132530120481928,2571.4285714285716,0.002301369863013699,186800,181846.42,4953.579999999987,2.6518094218415347
Nissan,6.42,38000,508,41617,1198,1048,13758,58,1,1,0,0,0,0,0,0,1,0,9,11.484140233722872,0.05534351145038168,4222.222222222223,0.0017589041095890411,56388,54145.66,2242.3399999999965,3.9766262325317383
Toyota,1.78,108000,2293,22499,2362,1540,28797,123,2,0,1,0,0,0,0,0,1,0,19,12.191786621507198,0.07987012987012987,5684.210526315789,0.00048767123287671234,14600,16312.76,1712.7600000000002,11.73123287671233
Honda,8.08,42500,682,26301,1496,1130,19998,97,1,0,0,0,0,0,0,1,1,0,7,13.367647058823529,0.08584070796460178,6071.428571428572,0.0022136986301369865,76800,81326.54,4526.539999999994,5.893932291666658
Honda,6.64,25155,682,36890,1496,1190,22498,96,1,0,0,0,0,1,0,0,1,0,9,15.038770053475936,0.08067226890756303,2795.0,0.0018191780821917808,72800,76846.94,4046.9400000000023,5.5589835164835195
Mercedes-Benz,8.46,16000,740,37000,1595,1490,38805,115,1,0,1,0,0,0,0,0,1,0,7,24.329153605015673,0.07718120805369127,2285.714285714286,0.0023178082191780826,155800,164867.09,9067.089999999997,5.819698331193836
Volkswagen,8.24,170000,744,29328,1390,1286,24161,118,4,1,0,0,0,0,0,0,1,0,17,17.382014388489207,0.09175738724727839,10000.0,0.0022575342465753425,70800,58376.47,12423.529999999999,17.547358757062145
Toyota,7.6,158638,887,26047,1496,1200,15989,81,1,0,0,0,1,0,0,0,1,0,18,10.68783422459893,0.0675,8813.222222222223,0.0020821917808219177,53800,46635.98,7164.019999999997,13.316022304832709
BMW,9.56,5600,684,35990,1499,1490,32724,80,1,0,0,1,0,0,0,0,1,0,6,21.83055370246831,0.053691275167785234,933.3333333333334,0.002619178082191781,132888,139342.3,6454.299999999988,4.856947203660216
Mercedes-Benz,8.21,8000,740,34000,1595,1490,36204,115,1,0,1,0,0,0,0,0,1,0,7,22.698432601880878,0.07718120805369127,1142.857142857143,0.002249315068493151,155800,151080.45,4719.549999999988,3.0292362002567317
Mazda,6.96,51600,682,37000,1496,1102,17355,85,1,0,0,0,1,0,0,0,1,0,8,11.600935828877006,0.07713248638838476,6450.0,0.0019068493150684932,66300,67773.83,1473.8300000000017,2.2229713423831097
BMW,6.94,71000,684,38941,1499,1480,32596,75,1,0,0,1,0,0,0,0,1,0,8,21.745163442294864,0.05067567567567568,8875.0,0.0019013698630136987,104800,102662.86,2137.1399999999994,2.039255725190839
Honda,7.19,42254,682,32699,1496,1190,21245,96,1,0,0,0,0,1,0,0,1,0,8,14.20120320855615,0.08067226890756303,5281.75,0.0019698630136986304,79888,78633.6,1254.3999999999942,1.5701982775886167
Porsche,6.47,85000,2825,50168,2687,1360,70785,180,6,0,0,0,0,0,1,0,1,0,19,26.343505768515072,0.1323529411764706,4473.684210526316,0.0017726027397260273,120000,108751.89,11248.11,9.373425000000001
Ford,5.62,42500,392,50101,999,1327,19244,92,1,1,0,0,0,0,0,0,1,0,10,19.263263263263262,0.0693293142426526,4250.0,0.0015397260273972604,56000,54056.22,1943.7799999999988,3.471035714285712
Kia,8.41,7660,738,27000,1591,1287,14651,93,1,0,0,0,1,0,0,0,1,0,7,9.208673790069138,0.07226107226107226,1094.2857142857142,0.0023041095890410958,79888,77684.1,2203.899999999994,2.7587372321249677
Toyota,5.12,70000,682,55200,1496,1320,20347,80,2,0,0,1,0,0,0,0,1,0,10,13.600935828877006,0.06060606060606061,7000.0,0.0014027397260273973,59800,60275.58,475.58000000000175,0.7952842809364578
Mazda,5.83,57000,1786,54000,2488,1515,26055,141,1,0,1,0,0,0,0,0,1,0,10,10.472266881028938,0.09306930693069307,5700.0,0.0015972602739726027,81800,76395.19,5404.809999999998,6.607347188264055
Volkswagen,4.06,159044,682,16438,1390,1285,24363,118,6,0,0,0,0,0,1,0,1,0,16,17.527338129496403,0.09182879377431907,9940.25,0.0011123287671232875,36600,39871.26,3271.260000000002,8.937868852459022
Honda,9.96,168,682,41801,1496,1190,23790,96,1,0,0,0,0,1,0,0,1,0,6,15.9024064171123,0.08067226890756303,28.0,0.0027287671232876713,90888,100241.34,9353.339999999997,10.291061526274092
Volkswagen,1.26,175000,620,59421,1390,1536,21915,103,4,0,0,1,0,0,0,0,1,0,14,15.766187050359711,0.06705729166666667,12500.0,0.0003452054794520548,26000,24818.03,1181.9700000000012,4.546038461538466
Toyota,5.44,99000,1792,56410,2494,1475,29570,133,2,0,1,0,0,0,0,0,1,0,10,11.85645549318364,0.09016949152542372,9900.0,0.0014904109589041097,76800,80075.73,3275.729999999996,4.265273437499994
Mercedes-Benz,3.96,70000,740,78001,1595,1425,35392,115,1,0,1,0,0,0,0,0,1,0,11,22.18934169278997,0.08070175438596491,6363.636363636364,0.001084931506849315,82888,89621.73,6733.729999999996,8.1238900685262
Hyundai,7.27,56000,738,30209,1591,1345,10912,93,1,0,0,0,1,0,0,0,1,0,8,6.858579509742301,0.0691449814126394,7000.0,0.001991780821917808,68800,66717.26,2082.7400000000052,3.0272383720930307
BMW,9.36,6300,1210,40790,1998,1460,47796,135,1,0,1,0,0,0,0,0,1,0,6,23.92192192192192,0.09246575342465753,1050.0,0.0025643835616438355,188000,193370.77,5370.7699999999895,2.856792553191484
Audi,8.72,11630,392,33301,999,1280,22083,85,1,0,1,0,0,0,0,0,1,0,7,22.105105105105107,0.06640625,1661.4285714285713,0.0023890410958904112,112800,100095.94,12704.059999999998,11.262464539007091
Mercedes-Benz,9.82,112000,974,47701,1796,1575,53875,150,4,0,0,0,0,0,1,0,1,0,15,29.997216035634743,0.09523809523809523,7466.666666666667,0.0026904109589041096,100000,104368.77,4368.770000000004,4.368770000000004
McLaren,7.79,9500,3636,37620,3799,1495,173786,419,2,0,0,0,0,0,1,0,1,0,8,45.745196104237955,0.2802675585284281,1187.5,0.0021342465753424657,668000,677608.47,9608.469999999972,1.438393712574846
Hyundai,6.14,53000,738,42801,1591,1345,12881,93,1,0,0,0,1,0,0,0,1,0,9,8.096165933375236,0.0691449814126394,5888.888888888889,0.0016821917808219177,59800,62059.06,2259.0599999999977,3.777692307692304
BMW,9.05,17000,1210,32500,1998,1540,51807,135,1,0,1,0,0,0,0,0,1,0,7,25.92942942942943,0.08766233766233766,2428.5714285714284,0.0024794520547945205,205000,197172.76,7827.239999999991,3.818165853658532
Volvo,5.88,118000,1176,54000,1969,1716,37616,187,1,0,1,0,0,0,0,0,1,0,9,19.10411376333164,0.10897435897435898,13111.111111111111,0.001610958904109589,115800,113104.88,2695.1199999999953,2.3273920552676985
Daihatsu,2.65,163000,887,13024,1495,1200,17477,77,2,0,0,0,0,1,0,0,1,0,18,11.690301003344482,0.06416666666666666,9055.555555555555,0.0007260273972602739,21800,20371.8,1428.2000000000007,6.551376146788994
BMW,6.68,42000,684,40000,1499,1480,30858,75,1,0,0,1,0,0,0,0,1,0,9,20.58572381587725,0.05067567567567568,4666.666666666667,0.0018301369863013698,98800,104275.32,5475.320000000007,5.541821862348185
Hyundai,9.22,11407,608,35710,1368,1115,9189,73,1,0,0,0,1,0,0,0,1,0,7,6.717105263157895,0.06547085201793722,1629.5714285714287,0.0025260273972602743,74800,76190.34,1390.3399999999965,1.8587433155080169
Volvo,9.99,898,1176,62000,1969,1695,28316,140,1,0,0,0,0,1,0,0,1,0,6,14.380904012188928,0.08259587020648967,149.66666666666666,0.002736986301369863,165000,162460.44,2539.5599999999977,1.5391272727272713
Audi,6.48,88000,1672,50168,1984,1315,54239,147,2,0,0,0,0,0,1,0,1,0,19,27.338205645161292,0.11178707224334601,4631.578947368421,0.0017753424657534248,59800,62996.86,3196.8600000000006,5.345919732441472
Renault,7.06,68440,508,34110,1197,1315,19990,97,1,0,0,0,1,0,0,0,1,0,8,16.700083542188807,0.07376425855513308,8555.0,0.0019342465753424657,76500,78974.63,2474.6300000000047,3.234810457516346
MINI,8.52,19178,684,37900,1499,1220,28809,100,1,1,0,0,0,0,0,0,1,0,7,19.21881254169446,0.08196721311475409,2739.714285714286,0.002334246575342466,129800,121402.31,8397.690000000002,6.46971494607088
BMW,7.53,18000,1210,31101,1998,1660,41424,135,1,0,0,0,0,1,0,0,1,0,8,20.73273273273273,0.08132530120481928,2250.0,0.002063013698630137,169800,170226.11,426.10999999998603,0.2509481743227244
Mercedes-Benz,4.4,118000,1202,58190,1991,1655,48634,135,1,0,1,0,0,0,0,0,1,0,11,24.42692114515319,0.08157099697885196,10727.272727272728,0.0012054794520547946,102888,104902.33,2014.3300000000017,1.9577890521732386
Toyota,7.87,142166,965,26175,1598,1195,16990,80,5,0,0,0,1,0,0,0,1,0,17,10.632040050062578,0.06694560669456066,8362.70588235294,0.0021561643835616437,47000,47165.32,165.3199999999997,0.3517446808510632
Audi,7.42,52269,624,32302,1395,1355,28723,110,1,0,0,0,0,1,0,0,1,0,8,20.589964157706092,0.08118081180811808,6533.625,0.002032876712328767,109800,114156.2,4356.199999999997,3.967395264116573
Kia,3.57,160528,886,15988,1591,1251,11019,92,5,0,0,0,1,0,0,0,1,0,17,6.925832809553739,0.07354116706634692,9442.823529411764,0.0009780821917808218,23800,25203.13,1403.130000000001,5.8955042016806765
Hyundai,7.15,22000,738,28692,1591,1345,14437,93,1,0,0,0,1,0,0,0,1,0,8,9.07416719044626,0.0691449814126394,2750.0,0.001958904109589041,73300,68190.83,5109.169999999998,6.970218281036833
Toyota,3.94,73800,1638,77600,2362,1775,37090,125,3,0,0,1,0,0,0,0,1,0,11,15.702794242167654,0.07042253521126761,6709.090909090909,0.0010794520547945205,73800,92218.88,18418.880000000005,24.95783197831979
Suzuki,2.22,136347,957,17099,1586,1090,12248,92,5,1,0,0,0,0,0,0,0,1,18,7.7225725094577555,0.08440366972477065,7574.833333333333,0.0006082191780821918,17800,16057.4,1742.6000000000004,9.789887640449441
Porsche,0.92,70000,3332,83700,3605,1760,105692,300,1,0,0,0,0,0,1,0,1,0,14,29.318169209431346,0.17045454545454544,5000.0,0.00025205479452054797,108800,133901.27,25101.26999999999,23.071020220588228
Mercedes-Benz,4.12,115000,740,71509,1595,1425,35738,115,2,0,1,0,0,0,0,0,1,0,11,22.406269592476487,0.08070175438596491,10454.545454545454,0.0011287671232876712,86800,87310.17,510.16999999999825,0.5877534562211961
Mercedes-Benz,7.82,122000,1169,33018,1796,1490,43067,135,3,0,1,0,0,0,0,0,1,0,17,23.979398663697104,0.09060402684563758,7176.470588235294,0.002142465753424658,62800,66099.56,3299.5599999999977,5.254076433121015
Mercedes-Benz,5.17,92000,740,49602,1595,1425,35663,115,1,0,1,0,0,0,0,0,1,0,10,22.359247648902823,0.08070175438596491,9200.0,0.0014164383561643835,99988,102486.29,2498.2899999999936,2.498589830779687
BMW,6.11,77339,1210,49802,1997,1680,33704,135,2,0,0,0,0,1,0,0,1,0,9,16.87731597396094,0.08035714285714286,8593.222222222223,0.001673972602739726,130800,120452.51,10347.490000000005,7.910925076452603
Kia,7.52,13940,238,11457,1591,1287,11223,93,1,0,0,0,1,0,0,0,1,0,8,7.054054054054054,0.07226107226107226,1742.5,0.0020602739726027397,59800,60237.02,437.0199999999968,0.730802675585279
BMW,2.06,69000,742,69903,1598,1310,28411,100,2,1,0,0,0,0,0,0,1,0,13,17.77909887359199,0.07633587786259542,5307.692307692308,0.0005643835616438356,39800,41618.75,1818.75,4.569723618090452
Toyota,6.52,86370,1196,53711,1986,1610,33959,111,1,0,0,0,0,1,0,0,1,0,9,17.099194360523665,0.06894409937888199,9596.666666666666,0.0017863013698630136,106800,112672.51,5872.509999999995,5.498604868913852
Proton,8.07,128000,890,29839,1597,1422,14110,93,3,0,0,1,0,0,0,0,1,0,17,8.835316217908579,0.06540084388185655,7529.411764705882,0.002210958904109589,49800,54319.92,4519.919999999998,9.07614457831325
Honda,3.26,101000,1630,64889,2356,1855,29743,129,1,0,0,1,0,0,0,0,1,0,12,12.624363327674024,0.06954177897574124,8416.666666666666,0.0008931506849315068,60800,65479.93,4679.93,7.697253289473685
Mercedes-Benz,4.18,27000,1202,75801,1991,1585,51292,265,1,0,0,0,0,1,0,0,1,0,12,25.76192867905575,0.167192429022082,2250.0,0.0011452054794520547,145800,144818.99,981.0100000000093,0.6728463648834083
Porsche,7.41,117366,2623,32121,2687,1390,67671,180,6,0,0,0,0,0,1,0,1,0,18,25.18459248232229,0.12949640287769784,6520.333333333333,0.00203013698630137,116800,110512.41,6287.5899999999965,5.383210616438353
BMW,3.96,68000,2362,79500,2979,1470,36826,240,2,0,0,0,0,0,1,0,1,0,12,12.361866398120174,0.16326530612244897,5666.666666666667,0.001084931506849315,109800,110297.98,497.9799999999959,0.45353369763205464
Volvo,9.21,9000,1176,38802,1969,1782,37616,187,1,0,0,0,0,0,0,1,1,0,7,19.10411376333164,0.10493827160493827,1285.7142857142858,0.002523287671232877,181888,174107.62,7780.380000000005,4.277566414496835
Subaru,4.47,100000,1208,57501,1995,1566,14528,110,2,0,0,0,0,1,0,0,1,0,11,7.2822055137844615,0.070242656449553,9090.90909090909,0.0012246575342465752,60800,55461.44,5338.559999999998,8.78052631578947
Peugeot,9.37,1800,742,40690,1598,1430,29484,133,1,0,0,0,0,1,0,0,1,0,8,18.450563204005007,0.09300699300699301,225.0,0.0025671232876712325,126800,133210.61,6410.609999999986,5.055686119873807
Mitsubishi,8.03,19631,506,29159,1193,940,13423,59,1,0,0,0,1,0,0,0,1,0,7,11.251466890192791,0.0627659574468085,2804.4285714285716,0.0021999999999999997,62800,63293.51,493.51000000000204,0.7858439490445892
Mercedes-Benz,9.1,4400,740,33520,1595,1435,25687,90,1,0,0,0,0,1,0,0,1,0,7,16.104702194357365,0.0627177700348432,628.5714285714286,0.002493150684931507,136800,136098.58,701.4200000000128,0.5127339181286643
Mercedes-Benz,5.01,47215,2382,50089,2996,2220,86545,270,1,0,0,0,0,1,0,0,1,0,10,28.886849132176234,0.12162162162162163,4721.5,0.0013726027397260273,228800,220705.28,8094.720000000001,3.5379020979020988
Mitsubishi,5.11,73744,738,52301,1590,1284,14569,86,1,0,0,0,1,0,0,0,1,0,10,9.162893081761005,0.06697819314641744,7374.4,0.0014,54800,54804.34,4.3399999999965075,0.007919708029190706
BMW,9.92,320,4568,49778,4395,1970,119609,460,1,0,0,0,0,0,1,0,1,0,5,27.214789533560864,0.233502538071066,64.0,0.0027178082191780823,555000,523634.9,31365.099999999977,5.651369369369365
Hyundai,5.54,88240,1212,46229,1999,1540,21784,114,1,0,0,0,0,1,0,0,1,0,10,10.897448724362182,0.07402597402597402,8824.0,0.0015178082191780822,69800,69296.7,503.3000000000029,0.721060171919775
Mercedes-Benz,3.44,120000,1202,71300,1991,1655,42793,135,2,0,1,0,0,0,0,0,1,0,12,21.493219487694624,0.08157099697885196,10000.0,0.0009424657534246575,77800,77044.62,755.3800000000047,0.9709254498714712
McLaren,0.94,7500,3634,83700,3798,1514,259414,441,1,0,0,0,0,0,1,0,1,0,14,68.30279094260136,0.2912813738441215,535.7142857142857,0.00025753424657534246,375888,678938.92,303050.92000000004,80.62266419784618
Hyundai,5.19,37900,738,52503,1591,1345,12975,93,1,0,0,0,1,0,0,0,1,0,10,8.155248271527341,0.0691449814126394,3790.0,0.0014219178082191782,53800,55711.09,1911.0899999999965,3.5522118959107742
BMW,4.42,40000,2362,60000,2979,1525,54118,250,3,0,0,0,0,0,1,0,1,0,11,18.166498825109098,0.16393442622950818,3636.3636363636365,0.001210958904109589,121000,146187.6,25187.600000000006,20.81619834710744
Honda,8.09,23000,682,28589,1496,1130,18791,97,1,0,0,0,0,0,0,1,1,0,7,12.560828877005347,0.08584070796460178,3285.714285714286,0.0022164383561643834,73800,78526.88,4726.880000000005,6.404986449864506
Mercedes-Benz,9.25,5500,684,33000,1497,1505,33169,95,1,0,1,0,0,0,0,0,1,0,6,22.15698062792251,0.06312292358803986,916.6666666666666,0.002534246575342466,155800,151430.32,4369.679999999993,2.8046726572528837
Maserati,3.88,16000,5030,71921,4691,1880,134057,338,2,0,0,0,0,0,1,0,1,0,12,28.577488808356428,0.1797872340425532,1333.3333333333333,0.001063013698630137,260000,332380.98,72380.97999999998,27.838838461538458
Mercedes-Benz,8.83,130000,1169,33568,1796,1650,49025,150,2,0,1,0,0,0,0,0,1,0,17,27.296770601336302,0.09090909090909091,7647.058823529412,0.002419178082191781,79800,75746.29,4053.7100000000064,5.079837092731838
BMW,2.54,103008,1210,75700,1997,1420,41292,135,2,0,1,0,0,0,0,0,1,0,13,20.67701552328493,0.09507042253521127,7923.692307692308,0.0006958904109589041,59600,67337.91,7737.9100000000035,12.983070469798664
Jeep,6.26,130000,5043,50355,3778,2125,34111,146,4,0,0,0,0,1,0,0,1,0,19,9.028851244044468,0.06870588235294117,6842.105263157895,0.001715068493150685,73800,54587.76,19212.239999999998,26.032845528455283
Infiniti,7.4,55000,740,31801,1595,1390,30153,115,1,1,0,0,0,0,0,0,1,0,8,18.904702194357366,0.08273381294964029,6875.0,0.0020273972602739727,100800,115895.18,15095.179999999993,14.975376984126978
Honda,2.87,118000,767,13088,1339,1110,13022,73,2,1,0,0,0,0,0,0,1,0,18,9.725168035847647,0.06576576576576576,6555.555555555556,0.0007863013698630137,24800,21951.73,2848.2700000000004,11.484959677419356
Toyota,2.01,157297,1264,18953,1794,1300,17564,97,4,0,0,1,0,0,0,0,1,0,18,9.79041248606466,0.07461538461538461,8738.722222222223,0.0005506849315068493,16800,17620.87,820.869999999999,4.886130952380947
Mazda,5.31,21000,682,50000,1496,1321,19544,88,1,0,0,0,1,0,0,0,1,0,10,13.064171122994653,0.06661619984859955,2100.0,0.0014547945205479452,58500,60507.91,2007.9100000000035,3.4323247863247928
Toyota,6.77,28302,976,49000,1798,1355,19955,105,2,0,0,1,0,0,0,0,1,0,9,11.098442714126808,0.07749077490774908,3144.6666666666665,0.0018547945205479451,79800,78753.43,1046.570000000007,1.311491228070184
Suzuki,4.83,73514,736,43000,1586,1240,19386,88,1,0,0,0,0,1,0,0,1,0,11,12.223203026481714,0.07096774193548387,6683.090909090909,0.0013232876712328768,53800,54510.4,710.4000000000015,1.3204460966542777
Audi,7.17,33339,1194,31000,1984,1540,45546,213,2,0,0,0,0,0,1,0,1,0,9,22.956653225806452,0.1383116883116883,3704.3333333333335,0.0019643835616438357,185800,165715.09,20084.910000000003,10.809962325080734
MINI,7.65,178000,965,26047,1598,1105,27028,88,6,1,0,0,0,0,0,0,1,0,17,16.913642052565706,0.07963800904977375,10470.588235294117,0.002095890410958904,48000,54811.54,6811.540000000001,14.190708333333335
BMW,8.46,12600,1210,39406,1998,1535,47680,141,1,0,0,0,0,1,0,0,1,0,8,23.863863863863862,0.09185667752442997,1575.0,0.0023178082191780826,156800,190756.08,33956.07999999999,21.655663265306114
Audi,6.14,35000,624,50001,1395,1450,32098,110,1,0,1,0,0,0,0,0,1,0,9,23.00931899641577,0.07586206896551724,3888.8888888888887,0.0016821917808219177,99800,105565.89,5765.889999999999,5.7774448897795585
Mercedes-Benz,8.53,20000,1202,41805,1991,1670,61824,190,1,0,1,0,0,0,0,0,1,0,7,31.05173279758915,0.11377245508982035,2857.1428571428573,0.0023369863013698628,225800,234072.14,8272.140000000014,3.6634809565987663
Mercedes-Benz,7.11,33671,740,38001,1595,1430,29059,90,1,0,1,0,0,0,0,0,1,0,8,18.218808777429466,0.06293706293706294,4208.875,0.0019479452054794522,118000,121069.49,3069.4900000000052,2.601262711864411
MINI,5.51,31600,508,52668,1198,1175,21484,75,1,1,0,0,0,0,0,0,1,0,10,17.93322203672788,0.06382978723404255,3160.0,0.0015095890410958903,80800,70312.12,10487.880000000005,12.9800495049505
Chevrolet,5.72,120000,604,50621,1362,1650,15979,103,1,0,0,1,0,0,0,0,1,0,10,11.73201174743025,0.062424242424242424,12000.0,0.0015671232876712329,58300,56909.36,1390.6399999999994,2.3853173241852477
Mazda,9.48,6200,1210,39500,1998,1514,24385,121,1,0,1,0,0,0,0,0,1,0,7,12.204704704704705,0.07992073976221929,885.7142857142857,0.002597260273972603,113800,121100.76,7300.759999999995,6.415430579964846
Mazda,6.48,48000,1210,52000,1998,1675,21005,111,1,0,0,1,0,0,0,0,1,0,9,10.513013013013014,0.0662686567164179,5333.333333333333,0.0017753424657534248,89800,79796.45,10003.550000000003,11.139810690423166
Kia,3.57,93720,530,15988,1086,872,8478,47,3,1,0,0,0,0,0,0,1,0,17,7.806629834254144,0.05389908256880734,5512.941176470588,0.0009780821917808218,23800,25258.99,1458.9900000000016,6.13021008403362
Honda,9.22,7530,78,18710,1317,1030,15555,73,1,1,0,0,0,0,0,0,1,0,7,11.810933940774488,0.070873786407767,1075.7142857142858,0.0025260273972602743,65888,62749.64,3138.3600000000006,4.763173870811074
Kia,7.7,39500,738,25000,1591,1287,13670,93,1,0,0,0,1,0,0,0,1,0,8,8.592080452545568,0.07226107226107226,4937.5,0.0021095890410958904,74800,71684.5,3115.5,4.165106951871658
Volkswagen,5.06,93300,620,55200,1390,1417,16700,90,1,0,0,0,1,0,0,0,1,0,11,12.014388489208633,0.06351446718419196,8481.818181818182,0.0013863013698630136,55800,51806.99,3993.010000000002,7.155931899641581
Kia,6.25,45211,738,44002,1591,1295,12692,95,1,0,0,0,1,0,0,0,1,0,9,7.977372721558768,0.07335907335907337,5023.444444444444,0.0017123287671232876,58800,63537.59,4737.5899999999965,8.05712585034013
Toyota,9.96,99155,1638,49716,2362,1800,41331,125,1,0,0,1,0,0,0,0,1,0,15,17.498306519898392,0.06944444444444445,6610.333333333333,0.0027287671232876713,83800,85146.18,1346.179999999993,1.6064200477326886
Mercedes-Benz,5.87,70000,740,50621,1595,1395,25996,115,2,1,0,0,0,0,0,0,1,0,9,16.29843260188088,0.08243727598566308,7777.777777777777,0.0016082191780821917,87800,95750.32,7950.320000000007,9.055034168564928
Mercedes-Benz,4.01,110000,740,67601,1595,1370,23164,90,2,1,0,0,0,0,0,0,1,0,11,14.522884012539185,0.06569343065693431,10000.0,0.0010986301369863014,63800,62884.41,915.5899999999965,1.4350940438871418
Volkswagen,6.65,69000,624,44000,1395,1383,27828,92,1,1,0,0,0,0,0,0,1,0,9,19.948387096774194,0.06652205350686913,7666.666666666667,0.0018219178082191782,85500,92178.19,6678.190000000002,7.8107485380116985
Mazda,6.97,29589,682,37000,1496,1102,14792,85,1,0,0,0,1,0,0,0,1,0,8,9.88770053475936,0.07713248638838476,3698.625,0.0019095890410958903,61800,64516.56,2716.5599999999977,4.395728155339802
Hyundai,3.78,156000,886,16604,1591,1264,11431,89,5,0,0,0,1,0,0,0,1,0,17,7.184789440603394,0.07041139240506329,9176.470588235294,0.0010356164383561644,27000,28825.59,1825.5900000000001,6.761444444444445
Audi,2.3,57000,624,77989,1395,1300,26142,90,1,1,0,0,0,0,0,0,1,0,13,18.739784946236558,0.06923076923076923,4384.615384615385,0.0006301369863013698,37800,41496.02,3696.019999999997,9.77783068783068
Toyota,7.39,180000,2129,32279,2362,1540,27261,123,3,0,1,0,0,0,0,0,1,0,18,11.541490262489416,0.07987012987012987,10000.0,0.0020246575342465754,50000,51327.15,1327.1500000000015,2.6543000000000028
Mercedes-Benz,8.51,30000,586,37900,1332,1375,35837,120,1,1,0,0,0,0,0,0,1,0,8,26.904654654654653,0.08727272727272728,3750.0,0.0023315068493150685,143800,146859.79,3059.790000000008,2.1278094575799775
Mercedes-Benz,4.79,50000,1202,38610,1991,1655,52041,135,1,0,1,0,0,0,0,0,1,0,11,26.138121546961326,0.08157099697885196,4545.454545454545,0.0013123287671232876,111800,117358.98,5558.979999999996,4.97225402504472
Toyota,7.9,142000,821,26175,1497,1095,12717,80,5,0,0,0,1,0,0,0,1,0,17,8.49498997995992,0.0730593607305936,8352.941176470587,0.002164383561643836,46800,47363.63,563.6299999999974,1.2043376068376013
Land Rover,7.72,62000,1210,36667,1997,1983,67378,184,1,0,0,0,0,1,0,0,1,0,8,33.73960941412118,0.09278870398386284,7750.0,0.0021150684931506847,236000,242796.35,6796.350000000006,2.8798093220339007
Honda,5.44,73000,682,51507,1496,1185,21466,96,2,0,0,0,0,1,0,0,1,0,10,14.348930481283423,0.0810126582278481,7300.0,0.0014904109589041097,63888,61129.73,2758.269999999997,4.317352241422484
Mitsubishi,4.79,32455,70,29651,1193,940,13682,57,1,0,0,0,1,0,0,0,1,0,10,11.468566638725902,0.06063829787234042,3245.5,0.0013123287671232876,34800,40368.79,5568.790000000001,16.002270114942533
BMW,4.62,117500,684,54920,1499,1425,29446,100,1,0,1,0,0,0,0,0,1,0,11,19.64376250833889,0.07017543859649122,10681.818181818182,0.0012657534246575343,79800,68647.03,11152.970000000001,13.976152882205515
Toyota,8.61,30000,1792,37109,2494,2045,48189,134,1,0,0,1,0,0,0,0,1,0,7,19.32197273456295,0.06552567237163814,4285.714285714285,0.0023589041095890407,194800,194128.47,671.5299999999988,0.34472792607802816
Nissan,4.32,74095,1210,60001,1997,1470,24401,100,1,0,1,0,0,0,0,0,1,0,11,12.218828242363545,0.06802721088435375,6735.909090909091,0.0011835616438356166,59800,63705.11,3905.1100000000006,6.530284280936456
BMW,5.37,72850,1210,56410,1998,1720,72535,190,2,0,1,0,0,0,0,0,1,0,10,36.3038038038038,0.11046511627906977,7285.0,0.0014712328767123289,173888,191325.39,17437.390000000014,10.02794327383144
Skoda,7.48,30000,1194,31302,1984,1577,26650,180,1,0,0,0,1,0,0,0,1,0,8,13.432459677419354,0.11414077362079898,3750.0,0.0020493150684931507,120000,116758.49,3241.5099999999948,2.701258333333329
Audi,0.31,63900,1194,65521,1984,1735,57334,155,4,0,0,0,0,0,1,0,1,0,15,28.898185483870968,0.0893371757925072,4260.0,8.493150684931507e-05,48000,53041.67,5041.669999999998,10.503479166666663
Hyundai,6.69,60653,738,40000,1591,1345,11491,93,2,0,0,0,1,0,0,0,1,0,8,7.222501571338781,0.0691449814126394,7581.625,0.0018328767123287671,71550,63876.59,7673.4100000000035,10.724542278127188
Honda,2.59,170000,767,13024,1339,1070,13401,73,6,1,0,0,0,0,0,0,1,0,18,10.00821508588499,0.06822429906542056,9444.444444444445,0.0007095890410958904,20800,20313.43,486.5699999999997,2.339278846153845
Honda,5.71,50000,684,50889,1498,1046,16650,96,1,1,0,0,0,0,0,0,1,0,10,11.114819759679573,0.09177820267686425,5000.0,0.0015643835616438355,62800,58178.01,4621.989999999998,7.359856687898087
Hyundai,7.26,50000,738,30209,1591,1345,14538,93,1,0,0,0,1,0,0,0,1,0,8,9.137649277184162,0.0691449814126394,6250.0,0.001989041095890411,69800,70255.18,455.179999999993,0.6521203438395315
Toyota,2.77,112338,1264,16509,1794,1310,18662,97,2,0,0,1,0,0,0,0,1,0,17,10.402452619843924,0.07404580152671755,6608.117647058823,0.0007589041095890411,24555,22886.89,1668.1100000000006,6.7933618407656295
Mercedes-Benz,7.04,166000,1266,37906,1796,1485,37046,115,6,0,1,0,0,0,0,0,1,0,18,20.62694877505568,0.07744107744107744,9222.222222222223,0.0019287671232876712,59800,58049.51,1750.489999999998,2.927240802675582
Honda,7.54,33000,682,25501,1496,1190,22809,96,2,0,0,0,0,1,0,0,1,0,8,15.246657754010695,0.08067226890756303,4125.0,0.0020657534246575344,79888,81492.66,1604.6600000000035,2.0086370919287044
Bentley,4.28,27639,8254,62140,6752,2585,336575,377,3,0,1,0,0,0,0,0,1,0,11,49.848193127962084,0.14584139264990328,2512.6363636363635,0.0011726027397260274,688900,511785.13,177114.87,25.709808390187256
Mercedes-Benz,3.6,129000,1202,72890,1991,1655,45353,135,2,0,1,0,0,0,0,0,1,0,12,22.77900552486188,0.08157099697885196,10750.0,0.0009863013698630137,83800,79239.56,4560.440000000002,5.44205250596659
Honda,2.51,112483,887,13786,1496,1310,20212,87,4,0,0,1,0,0,0,0,1,0,18,13.510695187165775,0.06641221374045801,6249.055555555556,0.0006876712328767123,23999,20537.45,3461.5499999999993,14.423725988582856
Suzuki,4.22,65046,748,16095,1490,1060,12656,74,2,1,0,0,0,0,0,0,1,0,16,8.493959731543624,0.06981132075471698,4065.375,0.0011561643835616437,30000,34401.87,4401.870000000003,14.672900000000007
Nissan,4.55,20040,70,39001,1198,1044,12554,58,1,1,0,0,0,0,0,0,1,0,11,10.479131886477463,0.05555555555555555,1821.8181818181818,0.0012465753424657534,36800,42956.75,6156.75,16.73029891304348
Subaru,8.55,34240,1208,36000,1995,1489,15207,115,1,0,0,0,0,1,0,0,1,0,7,7.622556390977444,0.07723304231027535,4891.428571428572,0.002342465753424658,97988,96848.0,1140.0,1.1634077642160263
Honda,8.25,18700,242,14917,1597,1237,20072,92,1,0,0,0,1,0,0,0,1,0,7,12.56856606136506,0.07437348423605497,2671.4285714285716,0.00226027397260274,79888,84903.42,5015.419999999998,6.278064290006006
Kia,7.82,29689,70,8920,998,1185,18847,88,1,0,0,0,0,1,0,0,1,0,8,18.884769539078157,0.07426160337552742,3711.125,0.002142465753424658,62500,73196.45,10696.449999999997,17.114319999999992
Mazda,6.5,40200,682,42801,1496,1310,15108,88,3,0,0,0,1,0,0,0,1,0,9,10.098930481283423,0.06717557251908397,4466.666666666667,0.001780821917808219,65800,63119.04,2680.959999999999,4.074407294832826
Volkswagen,5.61,78000,624,55501,1395,1288,25046,110,1,1,0,0,0,0,0,0,1,0,10,17.954121863799283,0.08540372670807453,7800.0,0.001536986301369863,70800,74723.51,3923.5099999999948,5.541680790960444
Audi,7.39,23123,1776,31301,2480,1585,59673,294,3,0,0,0,0,0,1,0,1,0,8,24.061693548387098,0.18548895899053627,2890.375,0.0020246575342465754,260000,220922.31,39077.69,15.029880769230768
MINI,7.54,13800,684,30209,1499,1225,25634,75,2,1,0,0,0,0,0,0,1,0,8,17.100733822548367,0.061224489795918366,1725.0,0.0020657534246575344,102900,100208.25,2691.75,2.6158892128279883
Audi,6.26,84000,1194,49000,1984,1535,39560,140,2,0,1,0,0,0,0,0,1,0,9,19.93951612903226,0.09120521172638436,9333.333333333334,0.001715068493150685,124888,124041.59,846.4100000000035,0.6777352507847059
Honda,1.88,120000,1369,20441,1799,1350,18941,103,4,0,0,1,0,0,0,0,1,0,18,10.528627015008338,0.07629629629629629,6666.666666666667,0.0005150684931506849,16800,15540.16,1259.8400000000001,7.49904761904762
Audi,5.69,100300,392,48401,999,1280,24611,85,1,0,1,0,0,0,0,0,1,0,10,24.635635635635637,0.06640625,10030.0,0.0015589041095890412,68000,72421.37,4421.369999999995,6.502014705882346
Nissan,4.89,51000,508,47300,1197,1285,18974,85,1,0,0,0,0,1,0,0,1,0,10,15.851294903926483,0.06614785992217899,5100.0,0.00133972602739726,56800,56794.59,5.4100000000034925,0.009524647887330092
Toyota,9.97,18,974,47001,1797,1610,32865,100,1,0,0,1,0,0,0,0,1,0,5,18.28881469115192,0.062111801242236024,3.6,0.0027315068493150687,135800,158318.26,22518.26000000001,16.581929307805606
Honda,6.11,145000,2279,52473,2354,1605,27786,125,4,0,0,0,0,1,0,0,1,0,19,11.80373831775701,0.0778816199376947,7631.578947368421,0.001673972602739726,45800,51352.8,5552.800000000003,12.124017467248914
BMW,3.97,103000,742,78001,1598,1405,26620,100,1,0,1,0,0,0,0,0,1,0,12,16.658322903629536,0.0711743772241993,8583.333333333334,0.0010876712328767124,65800,60735.67,5064.330000000002,7.6965501519756865
Mercedes-Benz,7.25,35703,1202,31000,1991,1705,42569,135,1,0,0,0,0,1,0,0,1,0,8,21.38071320944249,0.07917888563049853,4462.875,0.0019863013698630137,166800,163172.82,3627.179999999993,2.174568345323737
Mercedes-Benz,8.72,16000,1202,37705,1991,1730,44890,145,1,0,0,0,0,1,0,0,1,0,7,22.546459065796082,0.0838150289017341,2285.714285714286,0.0023890410958904112,219888,200555.77,19332.23000000001,8.791853125227393
Audi,6.94,55671,392,38389,999,1315,27220,85,3,0,0,0,0,1,0,0,1,0,9,27.24724724724725,0.06463878326996197,6185.666666666667,0.0019013698630136987,96800,97170.14,370.1399999999994,0.3823760330578506
Mitsubishi,6.02,33000,70,34106,1193,940,12940,57,1,0,0,0,1,0,0,0,1,0,9,10.846605196982397,0.06063829787234042,3666.6666666666665,0.0016493150684931505,41800,47547.67,5747.669999999998,13.750406698564587
Mitsubishi,2.51,177000,2153,15777,2378,1710,27903,121,3,0,0,1,0,0,0,0,1,0,18,11.73380992430614,0.07076023391812865,9833.333333333334,0.0006876712328767123,20300,20091.55,208.45000000000073,1.0268472906403976
Nissan,4.56,85000,1210,59889,1997,1626,21714,106,2,0,0,0,0,1,0,0,1,0,11,10.87330996494742,0.06519065190651907,7727.272727272727,0.0012493150684931506,65800,64978.33,821.6699999999983,1.2487386018237057
Mercedes-Benz,5.39,80000,740,57903,1595,1425,36548,115,2,0,1,0,0,0,0,0,1,0,10,22.9141065830721,0.08070175438596491,8000.0,0.0014767123287671232,111888,105787.11,6100.889999999999,5.45267589017589
Volvo,5.54,65000,684,48000,1498,1589,25281,90,1,0,1,0,0,0,0,0,1,0,10,16.876502002670225,0.056639395846444306,6500.0,0.0015178082191780822,73777,70844.9,2932.100000000006,3.974273825175876
Mercedes-Benz,9.57,68500,742,37303,1597,1500,31979,115,2,0,1,0,0,0,0,0,1,0,15,20.024420788979338,0.07666666666666666,4566.666666666667,0.0026219178082191783,72800,90537.97,17737.97,24.36534340659341
Toyota,4.73,63700,976,38610,1798,1360,19953,105,2,0,0,1,0,0,0,0,1,0,10,11.097330367074527,0.07720588235294118,6370.0,0.0012958904109589041,62822,63967.46,1145.4599999999991,1.8233421412880824
Mercedes-Benz,9.11,5800,1202,36000,1991,1730,44890,145,1,0,0,0,0,1,0,0,1,0,7,22.546459065796082,0.0838150289017341,828.5714285714286,0.002495890410958904,215800,204790.0,11010.0,5.10194624652456
Volkswagen,9.31,10448,1194,36502,1984,1790,34049,162,1,0,0,1,0,0,0,0,1,0,6,17.161794354838708,0.09050279329608939,1741.3333333333333,0.0025506849315068496,148800,154151.96,5351.959999999992,3.5967473118279516
Mercedes-Benz,7.96,26000,740,43102,1595,1550,41636,115,2,0,0,0,0,0,1,0,1,0,7,26.10407523510972,0.07419354838709677,3714.285714285714,0.002180821917808219,170800,171754.1,954.1000000000058,0.5586065573770527
Honda,4.89,85223,682,47300,1496,1190,20571,96,1,0,0,0,0,1,0,0,1,0,11,13.75066844919786,0.08067226890756303,7747.545454545455,0.00133972602739726,59800,55856.37,3943.6299999999974,6.594698996655514
Mitsubishi,5.04,68000,738,53694,1590,1284,13855,86,1,0,0,0,1,0,0,0,1,0,10,8.713836477987421,0.06697819314641744,6800.0,0.0013808219178082191,52800,55549.78,2749.779999999999,5.207916666666664
Toyota,4.82,313200,1792,46970,2494,2065,45427,134,1,0,0,1,0,0,0,0,1,0,10,18.214514835605453,0.0648910411622276,31320.0,0.0013205479452054795,110000,128386.79,18386.789999999994,16.71526363636363
McLaren,6.58,15500,3636,48011,3799,1440,167743,419,5,0,0,0,0,0,1,0,1,0,9,44.15451434588049,0.29097222222222224,1722.2222222222222,0.0018027397260273973,588000,649380.56,61380.560000000056,10.43887074829933
Hyundai,7.34,46000,738,28457,1591,1345,12515,93,2,0,0,0,1,0,0,0,1,0,8,7.866121935889378,0.0691449814126394,5750.0,0.002010958904109589,67999,70125.99,2126.9900000000052,3.1279724701833924
Hyundai,8.02,21080,738,30009,1591,1345,18088,93,1,0,0,0,1,0,0,0,1,0,7,11.368950345694532,0.0691449814126394,3011.4285714285716,0.0021972602739726028,81800,82838.67,1038.6699999999983,1.2697677261613671
Mazda,6.07,47000,1210,54616,1998,1080,34472,118,2,0,0,0,0,0,1,0,1,0,11,17.253253253253252,0.10925925925925926,4272.727272727273,0.0016630136986301371,107888,102189.83,5698.169999999998,5.281560507192642
Honda,7.9,25727,578,26659,1317,1030,15628,73,1,1,0,0,0,0,0,0,1,0,7,11.866362946089598,0.070873786407767,3675.285714285714,0.002164383561643836,69800,67733.07,2066.929999999993,2.96121776504297
Mitsubishi,5.6,59100,506,51507,1193,940,13630,57,3,0,0,0,1,0,0,0,1,0,10,11.424979044425818,0.06063829787234042,5910.0,0.0015342465753424657,43500,45934.88,2434.8799999999974,5.597425287356316
Mitsubishi,5.98,73000,738,51600,1590,1284,13468,86,2,0,0,0,1,0,0,0,1,0,10,8.470440251572327,0.06697819314641744,7300.0,0.0016383561643835618,59800,56725.17,3074.8300000000017,5.141856187290973
Honda,4.12,69000,684,66000,1497,1160,18935,88,1,0,0,1,0,0,0,0,1,0,11,12.648630594522379,0.07586206896551724,6272.727272727273,0.0011287671232876712,50800,49901.09,898.9100000000035,1.7695078740157548
Mitsubishi,2.76,143000,889,12763,1499,1313,19788,80,3,0,0,0,1,0,0,0,1,0,17,13.200800533689126,0.06092916984006093,8411.764705882353,0.0007561643835616437,23800,23593.85,206.15000000000146,0.8661764705882414
Toyota,2.4,146000,1264,16140,1794,1300,18002,97,3,0,0,1,0,0,0,0,1,0,18,10.034559643255296,0.07461538461538461,8111.111111111111,0.0006575342465753425,19888,19148.0,740.0,3.7208366854384556
Toyota,3.54,147000,1438,19657,1987,1380,22003,106,4,0,0,1,0,0,0,0,1,0,17,11.073477604428787,0.07681159420289856,8647.058823529413,0.0009698630136986302,31800,32465.43,665.4300000000003,2.0925471698113216
Mazda,6.84,62617,682,37000,1496,1310,14572,88,1,0,0,0,1,0,0,0,1,0,8,9.740641711229946,0.06717557251908397,7827.125,0.001873972602739726,68800,65367.97,3432.029999999999,4.988415697674417
Mercedes-Benz,9.22,7409,684,32889,1497,1635,46968,115,1,0,1,0,0,0,0,0,1,0,6,31.374749498997996,0.07033639143730887,1234.8333333333333,0.0025260273972602743,187800,199884.37,12084.369999999995,6.434701810436633
Mercedes-Benz,6.19,43000,740,49802,1595,1425,37239,115,1,0,1,0,0,0,0,0,1,0,9,23.347335423197492,0.08070175438596491,4777.777777777777,0.0016958904109589043,121800,124182.73,2382.729999999996,1.9562643678160887
BMW,9.26,4766,684,35001,1499,1320,33562,103,1,1,0,0,0,0,0,0,1,0,7,22.38959306204136,0.07803030303030303,680.8571428571429,0.002536986301369863,139800,149535.04,9735.040000000008,6.963547925608017
Volkswagen,8.32,164000,1433,37941,1984,1454,38125,147,6,0,1,0,0,0,0,0,1,0,17,19.216229838709676,0.10110041265474554,9647.058823529413,0.0022794520547945204,75888,69025.11,6862.889999999999,9.04344560404807
Hyundai,9.21,15000,738,35710,1591,1345,18576,93,1,0,0,0,1,0,0,0,1,0,7,11.675675675675675,0.0691449814126394,2142.8571428571427,0.002523287671232877,88800,90408.42,1608.4199999999983,1.8112837837837819
Jeep,9.21,77500,3962,32914,3778,2180,33103,146,6,0,0,0,0,1,0,0,1,0,16,8.762043409211223,0.06697247706422019,4843.75,0.002523287671232877,148688,87913.82,60774.17999999999,40.873627999569564
BMW,3.47,138483,1210,73900,1997,1615,52258,180,1,0,1,0,0,0,0,0,1,0,12,26.168252378567853,0.11145510835913312,11540.25,0.0009506849315068493,95888,89631.45,6256.550000000003,6.524851910562325
Mitsubishi,8.42,31218,506,32309,1193,940,13960,59,1,0,0,0,1,0,0,0,1,0,7,11.701592623637888,0.0627659574468085,4459.714285714285,0.002306849315068493,65888,67383.41,1495.4100000000035,2.2696242107819384
Toyota,9.55,5339,742,40714,1598,1315,21754,96,1,0,0,0,1,0,0,0,1,0,7,13.613266583229036,0.07300380228136882,762.7142857142857,0.0026164383561643836,104800,96647.83,8152.169999999998,7.77878816793893
Honda,2.82,150000,708,12763,1339,1010,13931,73,2,1,0,0,0,0,0,0,1,0,17,10.40403286034354,0.07227722772277227,8823.529411764706,0.0007726027397260273,21800,22332.7,532.7000000000007,2.4435779816513796
Mercedes-Benz,4.43,108000,740,58109,1595,1425,39409,115,1,0,1,0,0,0,0,0,1,0,11,24.707836990595613,0.08070175438596491,9818.181818181818,0.0012136986301369862,95800,90679.33,5120.669999999998,5.345167014613777
BMW,6.79,51000,684,38830,1499,1480,32596,75,1,0,0,1,0,0,0,0,1,0,8,21.745163442294864,0.05067567567567568,6375.0,0.0018602739726027398,104888,104280.88,607.1199999999953,0.5788269392113448
Lexus,8.36,25500,1198,41361,1987,1485,35009,127,1,0,0,0,0,1,0,0,1,0,7,17.61902365374937,0.08552188552188553,3642.8571428571427,0.0022904109589041094,132800,138449.98,5649.9800000000105,4.2545030120482
Mercedes-Benz,9.22,12500,586,35001,1332,1385,38854,120,1,0,1,0,0,0,0,0,1,0,6,29.16966966966967,0.08664259927797834,2083.3333333333335,0.0025260273972602743,168000,175830.49,7830.489999999991,4.661005952380947
Mercedes-Benz,6.76,60000,2382,45289,2996,1955,102854,270,1,0,1,0,0,0,0,0,1,0,9,34.330440587449935,0.13810741687979539,6666.666666666667,0.001852054794520548,306800,277102.88,29697.119999999995,9.679634941329855
Mercedes-Benz,9.57,58704,1071,40714,1796,1575,58222,150,4,0,0,0,0,0,1,0,1,0,16,32.41759465478842,0.09523809523809523,3669.0,0.0026219178082191783,98000,100490.78,2490.779999999999,2.5416122448979577
Toyota,6.98,35000,682,38510,1496,1325,17199,79,1,0,0,1,0,0,0,0,1,0,8,11.496657754010695,0.059622641509433964,4375.0,0.0019123287671232879,73588,71441.56,2146.4400000000023,2.916834266456491
BMW,9.39,5558,1210,40790,1998,1765,89894,195,1,0,1,0,0,0,0,0,1,0,6,44.991991991991995,0.11048158640226628,926.3333333333334,0.0025726027397260276,321800,318902.77,2897.2299999999814,0.900320074580479
Audi,7.15,70000,5468,36888,4163,1565,142498,309,6,0,0,0,0,0,1,0,1,0,18,34.22964208503483,0.197444089456869,3888.8888888888887,0.001958904109589041,172800,262214.62,89414.62,51.74457175925926
Mercedes-Benz,7.08,25000,740,38941,1595,1435,28937,90,1,0,0,0,0,1,0,0,1,0,8,18.142319749216302,0.0627177700348432,3125.0,0.0019397260273972604,110800,116157.47,5357.470000000001,4.835261732851986
BMW,2.76,126000,1210,82000,1997,1470,50676,180,1,0,0,0,0,0,1,0,1,0,12,25.376064096144216,0.12244897959183673,10500.0,0.0007561643835616437,85800,96502.9,10702.899999999994,12.474242424242417
Mercedes-Benz,7.72,58252,740,23568,1595,1435,29951,90,1,0,0,0,0,1,0,0,1,0,8,18.778056426332288,0.0627177700348432,7281.5,0.0021150684931506847,128800,119220.99,9579.009999999995,7.437119565217387
Nissan,4.05,68688,508,66000,1198,1080,13995,72,2,1,0,0,0,0,0,0,1,0,11,11.681969949916528,0.06666666666666667,6244.363636363636,0.0011095890410958904,40388,43765.69,3377.6900000000023,8.363102901852042
Mitsubishi,8.29,28000,1210,36001,1998,1480,24244,110,1,0,0,0,0,1,0,0,1,0,7,12.134134134134134,0.07432432432432433,4000.0,0.0022712328767123284,107800,112769.17,4969.169999999998,4.609619666048236
Hyundai,7.83,39041,738,26301,1591,1345,14488,93,1,0,0,0,1,0,0,0,1,0,7,9.106222501571338,0.0691449814126394,5577.285714285715,0.0021452054794520547,74888,73901.33,986.6699999999983,1.3175275077448967
Porsche,6.93,170000,4319,38712,3598,2245,50156,213,6,0,0,0,0,1,0,0,1,0,19,13.939966648137855,0.09487750556792873,8947.368421052632,0.0018986301369863013,99900,78660.03,21239.97,21.261231231231232
Volkswagen,2.62,40800,620,77304,1390,1373,25279,118,2,1,0,0,0,0,0,0,1,0,13,18.1863309352518,0.08594319009468318,3138.4615384615386,0.0007178082191780823,47900,44653.54,3246.459999999999,6.777578288100207
BMW,6.7,58531,1210,44000,1998,1530,45675,135,1,0,1,0,0,0,0,0,1,0,9,22.86036036036036,0.08823529411764706,6503.444444444444,0.0018356164383561645,151800,148675.37,3124.6300000000047,2.0583860342556024
Subaru,6.48,280000,1688,50168,1994,1390,22663,184,6,0,0,0,0,0,1,0,1,0,19,11.365596790371113,0.13237410071942446,14736.842105263158,0.0017753424657534248,53000,67634.73,14634.729999999996,27.61269811320754
Honda,8.44,34108,578,30000,1317,1030,15592,73,1,1,0,0,0,0,0,0,1,0,7,11.83902809415338,0.070873786407767,4872.571428571428,0.0023123287671232874,69888,70453.81,565.8099999999977,0.8095953525640992
Nissan,5.14,58000,508,53000,1197,1285,18689,85,1,0,0,0,0,1,0,0,1,0,10,15.613199665831244,0.06614785992217899,5800.0,0.0014082191780821916,58800,59266.47,466.47000000000116,0.7933163265306141
Lexus,5.09,88000,1210,56000,1998,1620,37505,180,2,0,1,0,0,0,0,0,1,0,10,18.77127127127127,0.1111111111111111,8800.0,0.0013945205479452055,98800,109091.86,10291.86,10.416862348178139
Honda,6.99,41000,684,38941,1497,1096,17094,88,2,0,0,0,1,0,0,0,1,0,8,11.418837675350701,0.08029197080291971,5125.0,0.001915068493150685,69888,68252.19,1635.8099999999977,2.3406164148351616
Mercedes-Benz,5.57,102000,3573,52660,2997,1850,81924,170,3,0,1,0,0,0,0,0,1,0,20,27.335335335335337,0.0918918918918919,5100.0,0.001526027397260274,61800,64413.19,2613.1900000000023,4.228462783171525
MINI,5.33,53000,684,57508,1499,1175,25066,100,1,1,0,0,0,0,0,0,1,0,10,16.721814543028685,0.0851063829787234,5300.0,0.0014602739726027397,81800,73262.44,8537.559999999998,10.437114914425424
Toyota,4.22,140000,742,55889,1598,1205,17452,90,3,0,0,0,1,0,0,0,1,0,11,10.921151439299123,0.07468879668049792,12727.272727272728,0.0011561643835616437,53800,51469.54,2330.459999999999,4.3317100371747195
BMW,4.85,42000,4568,47000,4395,1850,108276,412,4,0,0,0,0,0,1,0,1,0,14,24.63617747440273,0.2227027027027027,3000.0,0.001328767123287671,255800,184639.98,71160.01999999999,27.818616106333067
Honda,4.78,257200,1467,50932,1799,1190,20890,103,1,0,0,0,1,0,0,0,0,1,20,11.612006670372429,0.0865546218487395,12860.0,0.0013095890410958905,39000,43571.04,4571.040000000001,11.720615384615387
Volkswagen,9.32,142000,682,33140,1390,1285,26423,118,4,0,0,0,0,0,1,0,1,0,16,19.00935251798561,0.09182879377431907,8875.0,0.0025534246575342466,69800,66424.48,3375.520000000004,4.835988538681954
Subaru,1.48,161241,1039,20997,1597,1260,10034,70,3,0,0,0,1,0,0,0,0,1,19,6.283030682529743,0.05555555555555555,8486.368421052632,0.0004054794520547945,14000,10377.34,3622.66,25.87614285714286
Subaru,4.18,103500,1210,60789,1998,1682,17113,177,2,0,0,0,0,1,0,0,1,0,11,8.565065065065065,0.10523186682520809,9409.09090909091,0.0011452054794520547,58800,57722.34,1077.6600000000035,1.8327551020408221
Hyundai,6.39,40000,738,41617,1591,1345,12739,93,1,0,0,0,1,0,0,0,1,0,9,8.00691389063482,0.0691449814126394,4444.444444444444,0.0017506849315068493,61800,64830.74,3030.739999999998,4.904110032362456
BMW,7.72,62000,684,26301,1499,1490,31412,80,1,0,0,1,0,0,0,0,1,0,8,20.95530353569046,0.053691275167785234,7750.0,0.0021150684931506847,113888,117306.2,3418.199999999997,3.001369766788421
Hyundai,8.35,125000,886,30574,1591,1360,14667,89,2,0,0,0,0,0,0,1,1,0,17,9.218730358265242,0.06544117647058824,7352.941176470588,0.002287671232876712,49800,56355.5,6555.5,13.163654618473897
Audi,1.57,80000,4206,95990,4163,1885,104879,273,5,0,1,0,0,0,0,0,1,0,15,25.193129954359836,0.14482758620689656,5333.333333333333,0.00043013698630136986,95888,145888.31,50000.31,52.144491490071744
Mitsubishi,7.97,120000,1452,39563,1998,1397,21006,114,2,0,0,0,1,0,0,0,0,1,17,10.513513513513514,0.0816034359341446,7058.823529411765,0.0021835616438356164,70500,61895.18,8604.82,12.205418439716311
Toyota,6.88,30722,976,39903,1798,1355,19955,105,1,0,0,1,0,0,0,0,1,0,9,11.098442714126808,0.07749077490774908,3413.5555555555557,0.001884931506849315,82800,79086.87,3713.1300000000047,4.484456521739136
Volvo,3.4,131048,1176,74801,1969,1557,27981,180,1,0,1,0,0,0,0,0,1,0,12,14.21076688674454,0.11560693641618497,10920.666666666666,0.0009315068493150685,46800,53135.22,6335.220000000001,13.536794871794875
Toyota,5.89,37000,242,34765,1598,1215,19990,90,1,0,0,0,1,0,0,0,1,0,10,12.50938673341677,0.07407407407407407,3700.0,0.0016136986301369862,59800,63382.06,3582.0599999999977,5.990066889632103
Volkswagen,3.82,107825,1194,71889,1984,1790,41049,147,2,0,0,1,0,0,0,0,1,0,12,20.690020161290324,0.08212290502793296,8985.416666666666,0.0010465753424657533,75800,76024.3,224.3000000000029,0.2959102902374709
Toyota,6.79,6000,682,41400,1496,1085,13707,79,1,0,0,0,1,0,0,0,1,0,8,9.162433155080214,0.0728110599078341,750.0,0.0018602739726027398,64800,64068.89,731.1100000000006,1.128256172839507
Honda,3.47,201000,684,63880,1498,1046,16000,96,2,1,0,0,0,0,0,0,1,0,12,10.68090787716956,0.09177820267686425,16750.0,0.0009506849315068493,41000,43114.09,2114.0899999999965,5.156317073170723
McLaren,1.46,20000,3634,92100,3798,1514,260177,441,5,0,0,0,0,0,1,0,1,0,14,68.50368615060559,0.2912813738441215,1428.5714285714287,0.00039999999999999996,360000,631718.65,271718.65,75.47740277777778
Mercedes-Benz,2.97,82363,1202,84100,1991,1655,43296,135,2,0,1,0,0,0,0,0,1,0,13,21.74585635359116,0.08157099697885196,6335.615384615385,0.0008136986301369864,75900,79613.54,3713.5399999999936,4.892674571804998
Toyota,7.88,35000,4902,37620,4608,2510,56793,234,1,0,0,0,0,1,0,0,1,0,8,12.324869791666666,0.09322709163346614,4375.0,0.002158904109589041,207800,201175.95,6624.049999999988,3.18770452358036
Toyota,7.2,136000,887,34197,1496,1130,12173,81,2,0,0,0,1,0,0,0,1,0,18,8.137032085561497,0.07168141592920355,7555.555555555556,0.0019726027397260273,42800,45339.63,2539.6299999999974,5.933714953271022
Porsche,8.76,77304,2422,35416,2687,1400,45920,180,6,0,0,0,0,0,1,0,1,0,18,17.089691105321922,0.12857142857142856,4294.666666666667,0.0024,131800,106662.45,25137.550000000003,19.072496206373295
Mercedes-Benz,9.24,90000,1071,32914,1796,1695,63555,150,3,0,0,0,0,0,1,0,1,0,16,35.386971046770604,0.08849557522123894,5625.0,0.0025315068493150686,104888,101313.01,3574.9900000000052,3.4083879948135207
Toyota,4.29,81967,1196,62101,1986,1580,25691,111,1,0,0,0,0,1,0,0,1,0,11,12.936052366565962,0.07025316455696203,7451.545454545455,0.0011753424657534248,69800,67711.43,2088.570000000007,2.9922206303725027
Mitsubishi,2.9,145000,881,13088,1584,1132,12453,79,2,0,0,0,1,0,0,0,0,1,17,7.861742424242424,0.06978798586572438,8529.411764705883,0.0007945205479452054,26000,20661.33,5338.669999999998,20.533346153846146
Toyota,7.64,22300,1792,32909,2493,2030,50577,134,1,0,0,1,0,0,0,0,1,0,8,20.28760529482551,0.06600985221674877,2787.5,0.0020931506849315067,173888,180163.54,6275.540000000008,3.608955189547299
Bentley,5.32,52000,10611,56835,5998,2525,197945,412,4,0,1,0,0,0,0,0,1,0,20,33.00183394464822,0.16316831683168317,2600.0,0.0014575342465753425,135000,266431.41,131431.40999999997,97.35659999999999
Subaru,3.77,66000,744,62002,1600,1480,16391,84,2,0,0,0,0,1,0,0,1,0,12,10.244375,0.05675675675675676,5500.0,0.0010328767123287672,42900,45119.02,2219.019999999997,5.172540792540785
Hyundai,4.64,91164,738,51301,1591,1292,15245,97,2,0,0,0,1,0,0,0,1,0,11,9.582023884349466,0.07507739938080496,8287.636363636364,0.0012712328767123288,49800,50321.53,521.5299999999988,1.0472489959839335
BMW,7.73,147000,2155,31933,2497,1525,54164,160,4,0,0,0,0,0,1,0,1,0,17,21.691629955947135,0.10491803278688525,8647.058823529413,0.0021178082191780825,66800,71765.67,4965.669999999998,7.433637724550896
Mitsubishi,7.36,20888,70,11000,1193,940,13581,59,1,0,0,0,1,0,0,0,1,0,8,11.383906119027662,0.0627659574468085,2611.0,0.0020164383561643837,50800,55842.56,5042.559999999998,9.92629921259842
Hyundai,8.02,28963,738,30009,1591,1345,14802,93,1,0,0,0,1,0,0,0,1,0,7,9.303582652419863,0.0691449814126394,4137.571428571428,0.0021972602739726028,75300,75014.19,285.8099999999977,0.37956175298804473
Toyota,8.28,32000,742,31783,1598,1230,20879,96,1,0,0,0,1,0,0,0,1,0,7,13.065707133917396,0.07804878048780488,4571.428571428572,0.0022684931506849314,88300,89978.33,1678.3300000000017,1.9007134767836937
Toyota,9.15,14830,392,33520,996,970,18546,72,1,0,0,0,0,1,0,0,1,0,6,18.620481927710845,0.07422680412371134,2471.6666666666665,0.0025068493150684932,81800,85102.86,3302.8600000000006,4.037726161369195
Mercedes-Benz,5.82,280000,1364,50347,1796,1540,52568,135,6,0,1,0,0,0,0,0,1,0,20,29.26948775055679,0.08766233766233766,14000.0,0.0015945205479452056,46688,51868.36,5180.360000000001,11.095699108978755
MINI,8.9,118500,816,32875,1598,1155,27973,135,6,0,0,0,0,0,1,0,1,0,16,17.505006257822277,0.11688311688311688,7406.25,0.002438356164383562,66800,68791.15,1991.1499999999942,2.9807634730538832
BMW,0.09,136086,1796,67700,2497,1650,44497,150,4,0,1,0,0,0,0,0,1,0,15,17.82018422106528,0.09090909090909091,9072.4,2.4657534246575342e-05,30000,34403.92,4403.919999999998,14.679733333333328
Hyundai,4.4,64000,1212,59889,1999,1460,24579,113,2,0,1,0,0,0,0,0,1,0,11,12.295647823911956,0.0773972602739726,5818.181818181818,0.0012054794520547946,59800,65353.02,5553.019999999997,9.285986622073574
Lamborghini,0.12,22500,5834,68811,5204,1500,222743,412,4,0,0,0,0,0,1,0,1,0,15,42.80226748654881,0.27466666666666667,1500.0,3.287671232876712e-05,278800,456837.03,178037.03000000003,63.85833213773316
BMW,6.01,28428,1210,54616,1997,1680,33704,135,4,0,0,0,0,1,0,0,1,0,9,16.87731597396094,0.08035714285714286,3158.6666666666665,0.0016465753424657534,126800,119957.58,6842.419999999998,5.39623028391167
Toyota,7.72,121965,965,25727,1598,1195,16990,80,5,0,0,0,1,0,0,0,1,0,17,10.632040050062578,0.06694560669456066,7174.411764705882,0.0021150684931506847,46998,47981.01,983.010000000002,2.0915996425379846
Honda,6.31,212000,1694,50355,1998,1390,23604,162,3,0,0,0,0,0,1,0,0,1,19,11.813813813813814,0.11654676258992806,11157.894736842105,0.001728767123287671,82000,68597.14,13402.86,16.344951219512197
Kia,7.62,51000,738,25000,1591,1287,13826,93,2,0,0,0,1,0,0,0,1,0,8,8.690131992457573,0.07226107226107226,6375.0,0.0020876712328767124,72500,72546.77,46.770000000004075,0.06451034482759183
Mercedes-Benz,9.5,4235,684,37690,1497,1505,34165,95,1,0,1,0,0,0,0,0,1,0,6,22.822311289245157,0.06312292358803986,705.8333333333334,0.0026027397260273972,161800,164034.39,2234.390000000014,1.3809579728059418
MINI,3.67,77988,742,62002,1598,1295,26027,88,1,1,0,0,0,0,0,0,1,0,12,16.28723404255319,0.06795366795366796,6499.0,0.0010054794520547945,70700,57600.66,13099.339999999997,18.528062234794902
Infiniti,6.16,51000,1202,49899,1991,1692,36794,155,2,0,0,0,0,0,1,0,1,0,9,18.480160723254645,0.09160756501182032,5666.666666666667,0.0016876712328767125,120000,117640.1,2359.899999999994,1.9665833333333285
Honda,7.06,40000,742,38510,1597,1249,20254,92,1,0,0,0,1,0,0,0,1,0,8,12.68252974326863,0.07365892714171338,5000.0,0.0019342465753424657,85800,81417.08,4382.919999999998,5.1082983682983665
Honda,4.85,55000,1630,44001,2356,1810,31375,140,1,0,0,1,0,0,0,0,1,0,11,13.317062818336163,0.07734806629834254,5000.0,0.001328767123287671,78800,85910.05,7110.050000000003,9.022906091370562
Mazda,2.05,134586,742,66989,1598,1275,17418,77,2,0,0,0,1,0,0,0,1,0,14,10.899874843554443,0.0603921568627451,9613.285714285714,0.0005616438356164383,31800,28066.74,3733.2599999999984,11.739811320754711
BMW,6.98,26000,1210,38700,1998,1720,78256,190,2,0,1,0,0,0,0,0,1,0,9,39.167167167167165,0.11046511627906977,2888.8888888888887,0.0019123287671232879,233888,235228.54,1340.5400000000081,0.5731546723217985
Toyota,1.48,125000,958,20997,1497,1095,12498,80,5,0,0,0,1,0,0,0,1,0,19,8.348697394789578,0.0730593607305936,6578.9473684210525,0.0004054794520547945,11800,12165.45,365.4500000000007,3.097033898305091
Volvo,4.76,162000,1176,50089,1969,2053,55921,187,1,0,0,0,0,1,0,0,1,0,10,28.40071102082275,0.0910862152946907,16200.0,0.0013041095890410958,129777,155361.12,25584.119999999995,19.713909244319098
Honda,5.29,45000,682,51506,1496,1190,19919,96,1,0,0,0,0,1,0,0,1,0,10,13.314839572192513,0.08067226890756303,4500.0,0.0014493150684931507,58800,60617.59,1817.5899999999965,3.091139455782307
Mercedes-Benz,2.81,104500,1202,80710,1991,1655,45943,135,2,0,1,0,0,0,0,0,1,0,13,23.075339025615268,0.08157099697885196,8038.461538461538,0.0007698630136986302,75000,76049.24,1049.2400000000052,1.3989866666666735
Mercedes-Benz,6.83,69953,1202,42322,1991,1615,58503,155,1,0,1,0,0,0,0,0,1,0,8,29.383726770467103,0.09597523219814241,8744.125,0.0018712328767123288,170800,166785.04,4014.959999999992,2.3506791569086603
Mercedes-Benz,9.03,106000,1071,33568,1796,1560,55418,135,3,0,0,0,0,0,1,0,1,0,16,30.856347438752785,0.08653846153846154,6625.0,0.002473972602739726,87800,96806.74,9006.740000000005,10.258246013667433
Lamborghini,6.37,8400,5834,48005,5204,1497,201740,426,2,0,0,0,0,0,1,0,1,0,10,38.766333589546505,0.2845691382765531,840.0,0.0017452054794520548,662000,667577.39,5577.390000000014,0.8425060422960746
Volkswagen,5.2,51550,976,57903,1798,1480,31404,132,2,0,1,0,0,0,0,0,1,0,10,17.466073414905452,0.0891891891891892,5155.0,0.0014246575342465753,74988,80549.99,5561.990000000005,7.4171734144129795
Subaru,7.15,34280,1208,32551,1995,1489,16555,115,1,0,0,0,0,1,0,0,1,0,8,8.298245614035087,0.07723304231027535,4285.0,0.001958904109589041,83800,88549.74,4749.740000000005,5.667947494033419
Nissan,8.19,50000,508,32725,1198,1048,13467,58,1,1,0,0,0,0,0,0,1,0,7,11.241235392320535,0.05534351145038168,7142.857142857143,0.002243835616438356,66800,64925.43,1874.5699999999997,2.8062425149700596
Kia,4.12,152000,812,16438,1591,1232,15484,92,4,0,0,0,0,0,1,0,1,0,16,9.732243871778756,0.07467532467532467,9500.0,0.0011287671232876712,33888,33571.79,316.2099999999991,0.9331031633616593
Porsche,8.99,112000,3665,33568,3605,1760,103287,300,3,0,0,0,0,0,1,0,1,0,16,28.65104022191401,0.17045454545454544,7000.0,0.0024630136986301373,160000,149265.32,10734.679999999993,6.709174999999995
Volkswagen,1.23,110000,620,68656,1390,1285,26183,118,3,0,0,0,0,0,1,0,1,0,14,18.836690647482015,0.09182879377431907,7857.142857142857,0.000336986301369863,32000,34524.57,2524.5699999999997,7.889281249999999
Subaru,7.26,176000,2275,33377,2457,1535,22017,169,3,0,0,0,0,1,0,0,1,0,18,8.960927960927961,0.11009771986970684,9777.777777777777,0.001989041095890411,55888,57563.53,1675.5299999999988,2.9980138849126803
Toyota,6.19,65000,1210,50101,1998,1695,30808,170,2,0,0,0,0,1,0,0,1,0,9,15.41941941941942,0.10029498525073746,7222.222222222223,0.0016958904109589043,104000,105902.44,1902.4400000000023,1.8292692307692329
Porsche,8.38,8400,2262,48010,2894,2020,121990,324,1,0,0,0,0,1,0,0,1,0,7,42.15272978576365,0.1603960396039604,1200.0,0.002295890410958904,465000,490632.99,25632.98999999999,5.512470967741933
Mazda,6.23,48000,682,46489,1496,1310,14934,88,2,0,0,0,1,0,0,0,1,0,9,9.982620320855615,0.06717557251908397,5333.333333333333,0.0017068493150684933,61800,61788.4,11.599999999998545,0.018770226537214475
Mercedes-Benz,6.5,80000,1202,49996,1991,1605,52099,135,1,0,1,0,0,0,0,0,1,0,9,26.167252636865896,0.08411214953271028,8888.888888888889,0.001780821917808219,151800,155791.36,3991.359999999986,2.6293544137022304
Mercedes-Benz,7.94,32000,740,48000,1595,1490,35914,115,1,0,1,0,0,0,0,0,1,0,8,22.516614420062695,0.07718120805369127,4000.0,0.002175342465753425,146800,147391.92,591.9200000000128,0.4032152588555946
Volkswagen,7.34,63000,392,32000,999,1257,18649,81,1,1,0,0,0,0,0,0,1,0,8,18.66766766766767,0.06443914081145585,7875.0,0.002010958904109589,78800,80967.06,2167.0599999999977,2.7500761421319764
Chevrolet,2.52,111000,814,13786,1399,1115,10333,69,2,0,0,0,1,0,0,0,0,1,18,7.385989992852037,0.06188340807174888,6166.666666666667,0.0006904109589041096,15800,15732.97,67.03000000000065,0.4242405063291181
Subaru,4.28,63700,1208,62101,1995,1566,14080,110,1,0,0,0,0,1,0,0,1,0,11,7.057644110275689,0.070242656449553,5790.909090909091,0.0011726027397260274,58800,52882.24,5917.760000000002,10.064217687074834
Honda,7.4,42000,742,28457,1597,1249,20612,92,1,0,0,0,1,0,0,0,1,0,8,12.906700062617407,0.07365892714171338,5250.0,0.0020273972602739727,84888,85912.22,1024.2200000000012,1.2065545188954871
Toyota,6.13,50320,742,42801,1598,1215,19995,90,1,0,0,0,1,0,0,0,1,0,10,12.512515644555695,0.07407407407407407,5032.0,0.0016794520547945206,72800,68625.18,4174.820000000007,5.734642857142867
Hyundai,8.36,30800,738,34001,1591,1345,14886,93,1,0,0,0,1,0,0,0,1,0,7,9.356379635449404,0.0691449814126394,4400.0,0.0022904109589041094,79800,77347.72,2452.279999999999,3.073032581453633
Skoda,8.7,21000,1194,38000,1984,1577,26681,180,1,0,0,0,1,0,0,0,1,0,7,13.448084677419354,0.11414077362079898,3000.0,0.002383561643835616,149800,137107.9,12692.100000000006,8.472696929238989
Hyundai,8.15,29000,738,26667,1591,1345,12593,93,2,0,0,0,1,0,0,0,1,0,7,7.9151477058453805,0.0691449814126394,4142.857142857143,0.002232876712328767,71800,74924.16,3124.1600000000035,4.351197771587748
Audi,5.82,83000,624,51000,1395,1450,32087,110,2,0,1,0,0,0,0,0,1,0,9,23.001433691756272,0.07586206896551724,9222.222222222223,0.0015945205479452056,89300,96811.5,7511.5,8.411534154535275
Honda,4.66,72000,682,51301,1496,1190,19063,96,2,0,0,0,0,1,0,0,1,0,11,12.742647058823529,0.08067226890756303,6545.454545454545,0.0012767123287671233,55800,51388.84,4411.1600000000035,7.9053046594982135
Kia,2.9,155000,886,13088,1591,1251,11851,92,4,0,0,0,1,0,0,0,1,0,17,7.4487743557511,0.07354116706634692,9117.64705882353,0.0007945205479452054,18800,20247.45,1447.4500000000007,7.699202127659579
Toyota,4.87,78500,1196,50089,1986,1610,30993,111,1,0,0,0,0,1,0,0,1,0,10,15.605740181268882,0.06894409937888199,7850.0,0.0013342465753424658,83800,87191.76,3391.7599999999948,4.047446300715984
Volkswagen,7.82,155000,1552,33018,1984,1667,25519,125,6,0,0,0,0,1,0,0,1,0,17,12.862399193548388,0.07498500299940011,9117.64705882353,0.002142465753424658,54800,57640.28,2840.279999999999,5.182992700729925
Mercedes-Benz,2.61,148000,740,74991,1595,1485,29525,115,3,0,1,0,0,0,0,0,1,0,13,18.510971786833856,0.07744107744107744,11384.615384615385,0.0007150684931506849,52000,53883.26,1883.260000000002,3.6216538461538503
BMW,4.54,60000,2362,62019,2979,2030,61676,225,2,0,0,0,0,1,0,0,1,0,12,20.70359180933199,0.11083743842364532,5000.0,0.001243835616438356,141800,124050.68,17749.320000000007,12.517150916784209
Kia,3.07,177000,886,14920,1591,1251,13989,92,4,0,0,0,1,0,0,0,1,0,17,8.792583280955373,0.07354116706634692,10411.764705882353,0.0008410958904109589,24111,24040.22,70.77999999999884,0.2935589564928822
BMW,9.07,160000,1210,33568,1997,1455,44138,180,5,0,1,0,0,0,0,0,1,0,14,22.102153229844767,0.12371134020618557,11428.57142857143,0.0024849315068493152,108888,99438.73,9449.270000000004,8.677971860994788
Volkswagen,4.15,65023,620,55889,1390,1417,17505,90,1,0,0,0,1,0,0,0,1,0,11,12.593525179856115,0.06351446718419196,5911.181818181818,0.001136986301369863,46800,51585.13,4785.129999999997,10.224636752136746
Maserati,7.84,22000,2362,32200,2979,2109,91041,257,1,0,0,0,0,1,0,0,1,0,7,30.560926485397786,0.12185870080606923,3142.8571428571427,0.002147945205479452,328888,308662.25,20225.75,6.14973790469704
Chevrolet,0.01,113000,742,44000,1598,1388,12642,91,2,0,0,0,1,0,0,0,1,0,15,7.911138923654568,0.06556195965417867,7533.333333333333,2.7397260273972604e-06,8800,14725.35,5925.35,67.33352272727274
Mazda,4.48,98000,1210,59889,1998,1664,19387,111,2,0,0,1,0,0,0,0,1,0,11,9.703203203203204,0.06670673076923077,8909.09090909091,0.0012273972602739728,62988,59561.94,3426.0599999999977,5.439226519337013
Mazda,5.06,67572,682,55200,1496,1079,18360,85,1,0,0,0,1,0,0,0,1,0,10,12.272727272727273,0.07877664504170528,6757.2,0.0013863013698630136,51800,58049.98,6249.980000000003,12.065598455598462
Honda,4.73,60089,682,43000,1496,1130,16524,97,2,0,0,0,0,0,0,1,1,0,11,11.045454545454545,0.08584070796460178,5462.636363636364,0.0012958904109589041,52800,49239.62,3560.3799999999974,6.743143939393935
Opel,7.71,50373,508,26170,1199,1295,30159,96,1,0,0,0,0,1,0,0,1,0,8,25.1534612176814,0.07413127413127413,6296.625,0.0021123287671232878,93800,114553.41,20753.410000000003,22.12517057569297
Audi,4.96,38492,1194,51010,1984,2050,59026,185,1,0,0,0,0,1,0,0,1,0,10,29.751008064516128,0.09024390243902439,3849.2,0.0013589041095890412,157800,166030.8,8230.799999999988,5.215969581749042
Honda,6.63,70000,682,41400,1496,1130,17864,97,1,0,0,0,0,0,0,1,1,0,10,11.941176470588236,0.08584070796460178,7000.0,0.0018164383561643834,64800,61208.77,3591.230000000003,5.5420216049382764
Mercedes-Benz,3.04,103000,740,63190,1595,1425,24674,90,2,1,0,0,0,0,0,0,1,0,13,15.469592476489028,0.06315789473684211,7923.076923076923,0.0008328767123287671,47800,46717.61,1082.3899999999994,2.2644142259414215
Lexus,4.92,73000,1210,51010,1998,1755,46467,175,1,0,0,0,0,1,0,0,1,0,10,23.256756756756758,0.09971509971509972,7300.0,0.001347945205479452,113800,127710.44,13910.440000000002,12.22358523725835
Toyota,5.52,106746,1792,46229,2494,1475,30167,133,1,0,1,0,0,0,0,0,1,0,10,12.095829991980754,0.09016949152542372,10674.6,0.0015123287671232875,77800,80461.82,2661.820000000007,3.421362467866333
Peugeot,5.56,67000,508,49751,1199,1150,20820,96,1,1,0,0,0,0,0,0,1,0,10,17.36447039199333,0.08347826086956522,6700.0,0.0015232876712328767,54800,59116.92,4316.919999999998,7.877591240875908
Honda,3.36,133000,708,15287,1339,1060,18638,73,4,1,0,0,0,0,0,0,1,0,18,13.919342793129202,0.06886792452830189,7388.888888888889,0.0009205479452054794,25800,24540.62,1259.380000000001,4.881317829457369
Mitsubishi,7.96,27500,1210,43102,1998,1480,19410,110,1,0,0,0,0,1,0,0,1,0,8,9.714714714714715,0.07432432432432433,3437.5,0.002180821917808219,98800,100612.3,1812.300000000003,1.834311740890691
Honda,5.14,100000,684,52301,1498,1046,17059,96,2,1,0,0,0,0,0,0,1,0,10,11.38785046728972,0.09177820267686425,10000.0,0.0014082191780821916,51800,56500.16,4700.1600000000035,9.073667953667961
Volkswagen,7.9,133203,744,26175,1390,1241,21831,90,2,1,0,0,0,0,0,0,1,0,17,15.705755395683454,0.072522159548751,7835.470588235294,0.002164383561643836,75000,53981.45,21018.550000000003,28.024733333333334
Honda,7.0,21000,682,38001,1496,1130,18656,97,1,0,0,0,0,0,0,1,1,0,9,12.470588235294118,0.08584070796460178,2333.3333333333335,0.0019178082191780822,72800,68904.12,3895.8800000000047,5.351483516483523
Audi,6.52,17530,624,51603,1395,1450,32727,110,2,0,1,0,0,0,0,0,1,0,9,23.46021505376344,0.07586206896551724,1947.7777777777778,0.0017863013698630136,103930,105436.05,1506.050000000003,1.449100356008855
Toyota,5.02,60300,742,53694,1598,1215,19990,90,1,0,0,0,1,0,0,0,1,0,10,12.50938673341677,0.07407407407407407,6030.0,0.0013753424657534246,64800,65864.5,1064.5,1.642746913580247
Subaru,7.62,110000,2275,31335,2457,1395,21548,169,4,0,0,0,0,0,1,0,0,1,18,8.77004477004477,0.12114695340501792,6111.111111111111,0.0020876712328767124,69800,62908.04,6891.959999999999,9.873868194842405
BMW,0.05,137000,1208,65490,1995,1390,30981,100,4,0,1,0,0,0,0,0,1,0,15,15.529323308270676,0.07194244604316546,9133.333333333334,1.3698630136986302e-05,19000,32323.74,13323.740000000002,70.12494736842106
Mitsubishi,9.3,23000,1210,37102,1998,1480,24720,110,1,0,0,0,0,1,0,0,1,0,6,12.372372372372372,0.07432432432432433,3833.3333333333335,0.0025479452054794523,118777,122165.85,3388.850000000006,2.8531197117287066
Audi,9.9,115000,2120,47316,2773,1730,62923,150,2,0,1,0,0,0,0,0,1,0,15,22.691309051568698,0.08670520231213873,7666.666666666667,0.0027123287671232876,100800,91833.96,8966.039999999994,8.894880952380946
Honda,5.62,69000,742,50000,1597,1249,20640,92,2,0,0,0,1,0,0,0,1,0,10,12.924232936756418,0.07365892714171338,6900.0,0.0015397260273972604,68800,69736.58,936.5800000000017,1.3613081395348863
Volkswagen,4.89,81000,624,47300,1395,1249,20513,92,2,1,0,0,0,0,0,0,1,0,11,14.704659498207885,0.07365892714171338,7363.636363636364,0.00133972602739726,57900,59141.6,1241.5999999999985,2.14438687392055
Toyota,2.53,80000,1638,73010,2362,1970,39847,125,4,0,0,1,0,0,0,0,1,0,14,16.870025402201524,0.06345177664974619,5714.285714285715,0.0006931506849315068,65800,68651.44,2851.4400000000023,4.333495440729487
Honda,5.14,80000,682,44185,1496,1190,19917,96,1,0,0,0,0,1,0,0,1,0,10,13.313502673796792,0.08067226890756303,8000.0,0.0014082191780821916,57800,58603.25,803.25,1.3897058823529411
Mercedes-Benz,0.12,166000,742,50244,1597,1500,31019,115,3,0,1,0,0,0,0,0,1,0,15,19.42329367564183,0.07666666666666666,11066.666666666666,3.287671232876712e-05,26000,29561.02,3561.0200000000004,13.696230769230771
Mercedes-Benz,7.9,11088,586,32200,1332,1375,33331,120,1,1,0,0,0,0,0,0,1,0,8,25.023273273273272,0.08727272727272728,1386.0,0.002164383561643836,144800,136252.33,8547.670000000013,5.903087016574594
Honda,7.63,37000,682,26170,1496,1190,21160,96,1,0,0,0,0,1,0,0,1,0,8,14.144385026737968,0.08067226890756303,4625.0,0.0020904109589041098,78500,81285.15,2785.149999999994,3.547961783439483
Hyundai,4.6,77478,738,45002,1591,1292,12773,97,1,0,0,0,1,0,0,0,1,0,11,8.02828409805154,0.07507739938080496,7043.454545454545,0.0012602739726027396,47800,50468.87,2668.8700000000026,5.5834100418410095
Toyota,9.93,35,1792,49778,2493,1940,39236,134,1,0,0,1,0,0,0,0,1,0,8,15.738467709586843,0.06907216494845361,4.375,0.0027205479452054792,188800,195797.2,6997.200000000012,3.7061440677966164
Mazda,5.86,116000,682,50101,1496,1310,14476,88,2,0,0,0,1,0,0,0,1,0,9,9.676470588235293,0.06717557251908397,12888.888888888889,0.0016054794520547946,54800,61916.94,7116.940000000002,12.98711678832117
Audi,3.39,41000,2380,72002,2995,1955,74457,228,1,0,1,0,0,0,0,0,1,0,12,24.860434056761267,0.11662404092071611,3416.6666666666665,0.0009287671232876712,121800,143497.75,21697.75,17.814244663382595
Honda,9.35,4432,578,36534,1317,1030,16209,73,1,1,0,0,0,0,0,0,1,0,7,12.30751708428246,0.070873786407767,633.1428571428571,0.002561643835616438,79888,86122.32,6234.320000000007,7.803825355497705
Mazda,5.07,65000,682,55200,1496,1321,16287,88,2,0,0,0,1,0,0,0,1,0,10,10.887032085561497,0.06661619984859955,6500.0,0.001389041095890411,53800,55605.53,1805.5299999999988,3.3560037174721167
BMW,9.9,122141,2362,47316,2979,1700,66259,225,3,0,1,0,0,0,0,0,1,0,15,22.24202752601544,0.1323529411764706,8142.733333333334,0.0027123287671232876,100800,112641.46,11841.460000000006,11.747480158730166
Mazda,4.6,75420,682,54301,1496,1321,15121,88,2,0,0,0,1,0,0,0,1,0,11,10.107620320855615,0.06661619984859955,6856.363636363636,0.0012602739726027396,46588,48262.43,1674.4300000000003,3.5941229501159104
BMW,8.97,155000,1976,33568,2497,1650,45032,150,4,0,1,0,0,0,0,0,1,0,16,18.034441329595516,0.09090909090909091,9687.5,0.0024575342465753425,74000,75775.17,1775.1699999999983,2.398878378378376
Lexus,4.95,180000,3570,46048,2994,1660,53569,170,1,0,1,0,0,0,0,0,1,0,20,17.892117568470272,0.10240963855421686,9000.0,0.0013561643835616438,57800,48504.03,9295.970000000001,16.082993079584774
BMW,5.35,82000,1210,53001,1997,1615,46870,180,1,0,1,0,0,0,0,0,1,0,10,23.470205307961944,0.11145510835913312,8200.0,0.0014657534246575342,122000,135267.79,13267.790000000008,10.875237704918039
Honda,9.46,111000,649,36475,1339,1090,19669,73,3,1,0,0,0,0,0,0,1,0,17,14.689320388349515,0.06697247706422019,6529.411764705882,0.0025917808219178082,56888,58669.86,1781.8600000000006,3.1322247222612862
Honda,9.13,13000,78,16520,1317,1030,16688,73,1,1,0,0,0,0,0,0,1,0,7,12.671222475322702,0.070873786407767,1857.142857142857,0.002501369863013699,61500,72791.22,11291.220000000001,18.359707317073173
Mercedes-Benz,2.72,118000,1202,75300,1991,1585,51784,265,4,0,1,0,0,0,0,0,1,0,13,26.00904068307383,0.167192429022082,9076.923076923076,0.0007452054794520549,115800,116281.48,481.4799999999959,0.4157858376511191
Bentley,8.74,10745,3944,33301,3996,2470,158409,404,1,0,0,0,0,1,0,0,1,0,7,39.641891891891895,0.16356275303643725,1535.0,0.0023945205479452055,680888,555795.25,125092.75,18.372000975197096
Toyota,3.43,86000,1638,70890,2362,1790,37132,125,3,0,0,1,0,0,0,0,1,0,14,15.720575783234548,0.06983240223463687,6142.857142857143,0.0009397260273972603,65800,72890.81,7090.809999999998,10.776306990881455
Toyota,5.01,54000,742,53694,1598,1205,16800,90,1,0,0,0,1,0,0,0,1,0,10,10.513141426783479,0.07468879668049792,5400.0,0.0013726027397260273,57888,57385.77,502.2300000000032,0.8675891376451134
Toyota,1.14,156000,958,24100,1497,1095,12607,80,2,0,0,0,1,0,0,0,1,0,19,8.421509686038744,0.0730593607305936,8210.526315789473,0.00031232876712328764,9800,10835.7,1035.7000000000007,10.568367346938782
Mercedes-Benz,6.6,55000,740,46791,1595,1435,28494,90,1,0,0,0,0,1,0,0,1,0,9,17.864576802507838,0.0627177700348432,6111.111111111111,0.0018082191780821916,105500,110568.51,5068.509999999995,4.804274881516583
Mercedes-Benz,6.92,59000,1202,39001,1991,1605,55451,135,1,0,1,0,0,0,0,0,1,0,8,27.85082872928177,0.08411214953271028,7375.0,0.0018958904109589042,161800,167442.59,5642.5899999999965,3.487385661310258
Subaru,6.51,77400,1210,57390,1998,1682,16361,177,2,0,0,0,0,1,0,0,1,0,9,8.18868868868869,0.10523186682520809,8600.0,0.0017835616438356165,89000,81068.0,7932.0,8.912359550561797
Subaru,3.8,65000,744,57199,1600,1415,11735,84,1,1,0,0,0,0,0,0,1,0,11,7.334375,0.059363957597173146,5909.090909090909,0.0010410958904109589,39900,43785.14,3885.1399999999994,9.737192982456138
Kia,2.17,207000,959,17099,1591,1303,10336,89,3,1,0,0,0,0,0,0,1,0,18,6.49654305468259,0.06830391404451266,11500.0,0.0005945205479452055,18000,15102.5,2897.5,16.09722222222222
Mitsubishi,1.01,300000,1028,25313,1584,1162,9975,79,5,0,0,0,1,0,0,0,0,1,19,6.297348484848484,0.06798623063683305,15789.473684210527,0.0002767123287671233,12000,9431.12,2568.879999999999,21.407333333333327
Toyota,7.57,160000,887,26047,1496,1200,15506,81,6,0,0,0,1,0,0,0,1,0,18,10.364973262032086,0.0675,8888.888888888889,0.002073972602739726,47800,46700.03,1099.9700000000012,2.301192468619249
Volkswagen,9.16,5300,1194,35889,1984,1790,34050,162,1,0,0,1,0,0,0,0,1,0,6,17.162298387096776,0.09050279329608939,883.3333333333334,0.0025095890410958906,147800,149438.66,1638.6600000000035,1.1087009472259834
Audi,4.28,97750,624,57089,1395,1310,27587,92,2,0,1,0,0,0,0,0,1,0,11,19.77562724014337,0.07022900763358779,8886.363636363636,0.0011726027397260274,60800,60259.97,540.0299999999988,0.8882072368421032
Audi,4.8,60000,624,50089,1395,1480,29869,110,2,0,0,0,0,1,0,0,1,0,10,21.41146953405018,0.07432432432432433,6000.0,0.001315068493150685,83888,86934.77,3046.770000000004,3.6319497425138327
Toyota,7.26,30244,508,30209,1197,1385,25647,85,1,0,0,0,0,1,0,0,1,0,8,21.426065162907268,0.061371841155234655,3780.5,0.001989041095890411,85800,97398.97,11598.970000000001,13.518613053613054
BMW,5.52,95000,2384,46229,2998,1770,84019,240,3,0,1,0,0,0,0,0,1,0,10,28.02501667778519,0.13559322033898305,9500.0,0.0015123287671232875,196800,198204.45,1404.4500000000116,0.7136432926829328
Lexus,6.56,57576,1210,53711,1998,2070,56222,175,2,0,0,0,0,1,0,0,1,0,9,28.13913913913914,0.08454106280193237,6397.333333333333,0.0017972602739726026,169900,168069.76,1830.2399999999907,1.077245438493226
Mercedes-Benz,9.99,133000,974,49716,1796,1500,58269,150,2,0,0,0,0,0,1,0,1,0,15,32.443763919821826,0.1,8866.666666666666,0.002736986301369863,120800,104778.89,16021.11,13.262508278145695
Volkswagen,8.14,20000,1194,39406,1984,1790,35887,162,1,0,0,1,0,0,0,0,1,0,7,18.088205645161292,0.09050279329608939,2857.1428571428573,0.00223013698630137,133000,140495.46,7495.459999999992,5.63568421052631
Toyota,8.27,113081,890,29485,1598,1195,17853,80,3,0,0,0,1,0,0,0,1,0,17,11.1720901126408,0.06694560669456066,6651.823529411765,0.002265753424657534,50800,54461.74,3661.739999999998,7.20814960629921
Audi,8.31,22000,1194,40002,1984,1480,33720,140,1,0,1,0,0,0,0,0,1,0,7,16.995967741935484,0.0945945945945946,3142.8571428571427,0.0022767123287671235,133800,136601.41,2801.4100000000035,2.0937294469357277
Honda,8.83,118000,1174,33568,1799,1385,26187,103,6,0,0,1,0,0,0,0,1,0,17,14.556420233463035,0.07436823104693141,6941.176470588235,0.002419178082191781,68000,64572.8,3427.199999999997,5.039999999999996
Toyota,4.64,49170,1196,58109,1986,1610,29454,111,1,0,0,0,0,1,0,0,1,0,11,14.830815709969789,0.06894409937888199,4470.0,0.0012712328767123288,78800,78711.61,88.38999999999942,0.11217005076142059
Porsche,3.01,30000,3068,67304,3436,1425,103467,239,3,0,0,0,0,0,1,0,1,0,13,30.112630966239813,0.16771929824561405,2307.6923076923076,0.0008246575342465753,228000,171636.46,56363.54000000001,24.720850877192984
Honda,3.74,89553,684,65001,1498,1046,15374,96,1,1,0,0,0,0,0,0,1,0,11,10.2630173564753,0.09177820267686425,8141.181818181818,0.0010246575342465754,43800,44184.97,384.97000000000116,0.878926940639272
Honda,9.9,68,578,49640,1317,1070,16767,72,1,1,0,0,0,0,0,0,1,0,6,12.731207289293849,0.06728971962616823,11.333333333333334,0.0027123287671232876,83988,87638.04,3650.0399999999936,4.345906558079718
Subaru,6.71,48000,1208,42322,1995,1489,16133,115,1,0,0,0,0,1,0,0,1,0,9,8.08671679197995,0.07723304231027535,5333.333333333333,0.0018383561643835616,75800,75620.39,179.61000000000058,0.23695250659630682
Kia,3.93,193000,812,16438,1591,1232,15291,92,5,0,0,0,0,0,1,0,1,0,16,9.610936517913261,0.07467532467532467,12062.5,0.0010767123287671234,37800,34791.65,3008.3499999999985,7.95859788359788
Volkswagen,6.07,215000,1672,54088,1984,1391,31348,147,4,0,0,0,0,0,1,0,1,0,19,15.800403225806452,0.10567936736161035,11315.78947368421,0.0016630136986301371,50800,59849.59,9049.589999999997,17.81415354330708
Nissan,4.26,107000,1210,62140,1997,1379,20017,106,1,0,0,0,0,1,0,0,1,0,11,10.023535302954432,0.07686729514140682,9727.272727272728,0.001167123287671233,56500,57213.15,713.1500000000015,1.2622123893805337
Nissan,7.48,47000,508,33798,1198,1048,13438,58,1,1,0,0,0,0,0,0,1,0,8,11.21702838063439,0.05534351145038168,5875.0,0.0020493150684931507,61800,62370.92,570.9199999999983,0.9238187702265344
Toyota,2.82,188000,965,12763,1598,1195,16990,80,4,0,0,0,1,0,0,0,1,0,17,10.632040050062578,0.06694560669456066,11058.823529411764,0.0007726027397260273,24888,22555.17,2332.8300000000017,9.373312439729997
Audi,8.65,26500,624,37705,1395,1545,27687,110,1,0,0,0,0,1,0,0,1,0,7,19.84731182795699,0.07119741100323625,3785.714285714286,0.00236986301369863,145720,133113.94,12606.059999999998,8.65087839692561
Mitsubishi,5.2,35188,70,35503,1193,940,14471,57,1,0,0,0,1,0,0,0,1,0,10,12.129924559932942,0.06063829787234042,3518.8,0.0014246575342465753,35800,44489.27,8689.269999999997,24.271703910614516
Mitsubishi,7.68,22755,1210,31346,1998,1480,19723,110,2,0,0,0,0,1,0,0,1,0,8,9.87137137137137,0.07432432432432433,2844.375,0.0021041095890410957,93800,97251.27,3451.270000000004,3.679392324093821
Infiniti,4.92,123000,1202,49000,1991,1644,29932,155,3,0,1,0,0,0,0,0,1,0,11,15.033651431441486,0.09428223844282238,11181.818181818182,0.001347945205479452,75800,75150.82,649.179999999993,0.8564379947229459
Honda,1.11,180000,1694,26237,1998,1370,19936,114,4,0,1,0,0,0,0,0,1,0,19,9.977977977977979,0.08321167883211679,9473.684210526315,0.0003041095890410959,11000,10308.28,691.7199999999993,6.288363636363631
Porsche,8.66,104000,3986,38071,3598,2170,74956,213,4,0,0,0,0,1,0,0,1,0,17,20.832684824902724,0.09815668202764977,6117.64705882353,0.0023726027397260275,95500,113063.59,17563.589999999997,18.39119371727748
Toyota,5.27,70000,976,57010,1798,1360,19955,105,1,0,0,1,0,0,0,0,1,0,10,11.098442714126808,0.07720588235294118,7000.0,0.001443835616438356,70800,67225.8,3574.199999999997,5.048305084745759
Hyundai,4.9,102383,738,21142,1591,1267,11297,95,2,0,0,0,1,0,0,0,1,0,15,7.100565681961031,0.0749802683504341,6825.533333333334,0.0013424657534246577,37448,35502.06,1945.9400000000023,5.196378978850679
Honda,7.86,31108,578,26301,1318,1052,15738,73,1,1,0,0,0,0,0,0,1,0,7,11.94081942336874,0.06939163498098859,4444.0,0.002153424657534247,68888,68529.54,358.4600000000064,0.5203518755080804
BMW,4.39,85000,684,61300,1499,1360,26927,100,2,1,0,0,0,0,0,0,1,0,11,17.96330887258172,0.07352941176470588,7727.272727272727,0.0012027397260273973,60500,65774.26,5274.259999999995,8.717785123966934
Ford,4.56,26000,242,37301,1596,1408,14350,92,1,1,0,0,0,0,0,0,1,0,11,8.991228070175438,0.06534090909090909,2363.6363636363635,0.0012493150684931506,40000,47192.11,7192.110000000001,17.980275000000002
Mitsubishi,7.05,30500,506,36426,1193,940,14750,59,1,1,0,0,0,0,0,0,1,0,8,12.363788767812238,0.0627659574468085,3812.5,0.0019315068493150685,59800,59594.91,205.0899999999965,0.34295986622072994
Porsche,5.65,134000,4488,52660,3387,1395,98498,217,5,0,0,0,0,0,1,0,1,0,20,29.08119279598465,0.15555555555555556,6700.0,0.0015479452054794523,94800,114906.49,20106.490000000005,21.209377637130807
Audi,3.05,109200,1194,65700,1984,1630,33955,125,2,0,0,0,0,1,0,0,1,0,13,17.114415322580644,0.07668711656441718,8400.0,0.0008356164383561644,63800,63566.77,233.2300000000032,0.36556426332288905
Chevrolet,5.54,58000,742,53334,1598,1413,13868,86,1,0,0,0,1,0,0,0,1,0,10,8.678347934918648,0.06086341118188252,5800.0,0.0015178082191780822,48800,54827.02,6027.019999999997,12.350450819672124
Toyota,8.27,123560,1169,37941,1797,1340,21193,106,3,0,0,1,0,0,0,0,1,0,17,11.793544796883696,0.0791044776119403,7268.235294117647,0.002265753424657534,57888,59809.35,1921.3499999999985,3.3190816749585377
Honda,7.04,34000,682,34110,1496,1190,19414,97,1,0,0,0,0,0,0,1,1,0,9,12.977272727272727,0.08151260504201681,3777.777777777778,0.0019287671232876712,72800,70127.28,2672.720000000001,3.671318681318683
Audi,5.4,41900,976,56340,1798,1645,40383,140,1,0,1,0,0,0,0,0,1,0,10,22.459955506117907,0.0851063829787234,4190.0,0.0014794520547945207,100800,118637.95,17837.949999999997,17.696378968253963
Porsche,7.57,70000,2712,31553,2893,1435,83516,195,5,0,0,0,0,0,1,0,1,0,17,28.868302799861734,0.13588850174216027,4117.64705882353,0.002073972602739726,135700,127176.34,8523.660000000003,6.281252763448787
Audi,5.21,54951,624,57903,1395,1480,27630,110,3,0,0,0,0,1,0,0,1,0,10,19.806451612903224,0.07432432432432433,5495.1,0.0014273972602739727,83800,82031.44,1768.5599999999977,2.1104534606205223
Mercedes-Benz,6.44,66500,1202,57414,1991,1605,50945,135,2,0,1,0,0,0,0,0,1,0,10,25.587644399799096,0.08411214953271028,6650.0,0.0017643835616438356,152000,148660.24,3339.7600000000093,2.1972105263157955
Toyota,3.76,95000,976,74000,1798,1360,23454,105,1,0,0,1,0,0,0,0,1,0,12,13.044493882091212,0.07720588235294118,7916.666666666667,0.0010301369863013699,53800,58856.84,5056.8399999999965,9.399330855018581
Mercedes-Benz,8.47,25500,1202,39700,1991,1465,47129,135,2,0,1,0,0,0,0,0,1,0,9,23.67101958814666,0.09215017064846416,2833.3333333333335,0.0023205479452054795,165800,186580.27,20780.26999999999,12.53333534378769
Toyota,1.15,130000,742,45799,1598,1195,15101,90,2,0,0,0,1,0,0,0,1,0,14,9.449937421777221,0.07531380753138076,9285.714285714286,0.0003150684931506849,20800,17815.6,2984.4000000000015,14.34807692307693
Honda,7.88,20000,578,26659,1317,1030,15378,73,1,1,0,0,0,0,0,0,1,0,7,11.676537585421412,0.070873786407767,2857.1428571428573,0.002158904109589041,65800,67648.86,1848.8600000000006,2.809817629179332
Honda,5.69,62000,684,50101,1497,1096,17760,88,2,0,0,0,1,0,0,0,1,0,10,11.863727454909819,0.08029197080291971,6200.0,0.0015589041095890412,56800,60238.82,3438.8199999999997,6.054260563380281
Volkswagen,7.98,47000,624,41000,1395,1288,23831,110,1,0,0,1,0,0,0,0,1,0,7,17.0831541218638,0.08540372670807453,6714.285714285715,0.002186301369863014,106800,97013.53,9786.470000000001,9.163361423220975
Mitsubishi,4.45,89000,738,56001,1590,1289,11943,86,2,0,0,0,1,0,0,0,1,0,11,7.511320754716981,0.06671838634600466,8090.909090909091,0.001219178082191781,48800,49015.4,215.40000000000146,0.4413934426229538
BMW,1.15,138000,1210,86999,1997,1420,35065,135,1,0,1,0,0,0,0,0,1,0,14,17.55883825738608,0.09507042253521127,9857.142857142857,0.0003150684931506849,39500,39286.69,213.30999999999767,0.5400253164556903
Mercedes-Benz,9.13,7000,684,33520,1497,1505,32424,95,1,0,1,0,0,0,0,0,1,0,7,21.65931863727455,0.06312292358803986,1000.0,0.002501369863013699,151800,150368.69,1431.3099999999977,0.9428919631093529
Jaguar,6.23,42000,1212,52751,1999,1873,62826,177,2,0,1,0,0,0,0,0,1,0,12,31.42871435717859,0.09450080085424453,3500.0,0.0017068493150684933,135800,109507.5,26292.5,19.36119293078056
Toyota,5.01,51000,742,53694,1598,1205,16800,90,1,0,0,0,1,0,0,0,1,0,10,10.513141426783479,0.07468879668049792,5100.0,0.0013726027397260273,57800,57277.9,522.0999999999985,0.9032871972318314
Honda,5.12,42804,682,52301,1496,1190,19809,96,1,0,0,0,0,1,0,0,1,0,11,13.241310160427808,0.08067226890756303,3891.2727272727275,0.0014027397260273973,58800,55720.89,3079.1100000000006,5.2365816326530625
BMW,6.71,55000,1210,39000,1998,1530,45675,135,2,0,1,0,0,0,0,0,1,0,9,22.86036036036036,0.08823529411764706,6111.111111111111,0.0018383561643835616,148800,149064.25,264.25,0.17758736559139787
Suzuki,1.82,110563,957,19637,1586,1090,12096,92,5,1,0,0,0,0,0,0,0,1,18,7.626733921815889,0.08440366972477065,6142.388888888889,0.0004986301369863014,13800,14926.32,1126.3199999999997,8.16173913043478
Toyota,4.49,57000,1196,58801,1986,1620,26876,112,2,0,0,1,0,0,0,0,1,0,11,13.532729103726082,0.0691358024691358,5181.818181818182,0.00123013698630137,78800,69218.23,9581.770000000004,12.159606598984777
Mazda,4.91,90000,682,47889,1496,1036,15064,85,2,1,0,0,0,0,0,0,1,0,10,10.06951871657754,0.08204633204633205,9000.0,0.0013452054794520548,44800,50837.82,6037.82,13.477276785714285
Honda,7.94,180000,708,27886,1339,1010,14196,73,5,1,0,0,0,0,0,0,1,0,17,10.601941747572816,0.07227722772277227,10588.235294117647,0.002175342465753425,48000,51152.23,3152.230000000003,6.56714583333334
Mercedes-Benz,9.9,158402,742,42283,1597,1500,31019,115,3,0,1,0,0,0,0,0,1,0,15,19.42329367564183,0.07666666666666666,10560.133333333333,0.0027123287671232876,75998,80686.17,4688.169999999998,6.168807073870362
BMW,1.1,150000,742,59003,1598,1310,26295,100,2,1,0,0,0,0,0,0,1,0,14,16.4549436795995,0.07633587786259542,10714.285714285714,0.00030136986301369865,29988,24126.85,5861.1500000000015,19.544984660530883
Toyota,5.07,191249,1815,48479,1998,1530,28129,108,3,0,1,0,0,0,0,0,1,0,20,14.078578578578579,0.07058823529411765,9562.45,0.001389041095890411,46900,46312.61,587.3899999999994,1.2524307036247322
Honda,5.71,82210,682,48401,1496,1130,19189,97,1,0,0,0,0,0,0,1,1,0,10,12.82687165775401,0.08584070796460178,8221.0,0.0015643835616438355,60888,58976.03,1911.9700000000012,3.1401425568256487
Lamborghini,8.09,59000,7001,42885,5204,1500,259436,412,5,0,0,0,0,0,1,0,1,0,18,49.85318985395849,0.27466666666666667,3277.777777777778,0.0022164383561643834,297800,452512.58,154712.58000000002,51.951840161182005
BMW,9.21,10000,684,38802,1499,1375,35378,103,1,0,1,0,0,0,0,0,1,0,6,23.601067378252168,0.07490909090909091,1666.6666666666667,0.002523287671232877,155800,151707.95,4092.0499999999884,2.626476251604614
Volkswagen,4.47,44000,624,59200,1395,1249,22740,90,2,1,0,0,0,0,0,0,1,0,12,16.301075268817204,0.07205764611689351,3666.6666666666665,0.0012246575342465752,58800,59925.32,1125.3199999999997,1.9138095238095232
SEAT,7.5,27000,392,28199,999,1210,20759,85,1,0,0,0,0,1,0,0,1,0,8,20.77977977977978,0.07024793388429752,3375.0,0.002054794520547945,79800,83791.25,3991.25,5.0015664160401
BMW,9.26,5366,1210,38110,1998,1745,53451,185,1,0,0,0,0,1,0,0,1,0,6,26.75225225225225,0.10601719197707736,894.3333333333334,0.002536986301369863,239800,238774.43,1025.570000000007,0.4276772310258578
Land Rover,5.94,90000,1212,53001,1999,1841,46235,177,1,0,0,0,0,1,0,0,1,0,10,23.129064532266135,0.09614340032590983,9000.0,0.0016273972602739728,122800,133182.4,10382.399999999994,8.454723127035827
Toyota,7.9,130000,1966,35411,2362,1540,29264,123,3,0,1,0,0,0,0,0,1,0,17,12.389500423370025,0.07987012987012987,7647.058823529412,0.002164383561643836,48800,57205.28,8405.279999999999,17.223934426229505
Toyota,5.63,97000,974,53001,1797,1350,18870,105,1,0,0,1,0,0,0,0,1,0,10,10.500834724540901,0.07777777777777778,9700.0,0.0015424657534246575,69800,62915.55,6884.449999999997,9.863108882521486
Volkswagen,3.16,120000,620,62890,1390,1417,18703,90,2,0,0,0,1,0,0,0,1,0,12,13.455395683453238,0.06351446718419196,10000.0,0.0008657534246575343,37800,38440.0,640.0,1.6931216931216932
Mercedes-Benz,8.3,22259,1202,40001,1991,1640,57838,145,1,0,1,0,0,0,0,0,1,0,7,29.049723756906076,0.08841463414634146,3179.8571428571427,0.002273972602739726,196800,192191.07,4608.929999999993,2.3419359756097524
Kia,0.79,113500,738,56551,1591,1232,14005,91,3,0,0,0,0,0,1,0,1,0,14,8.802639849151477,0.07386363636363637,8107.142857142857,0.00021643835616438358,18800,18734.34,65.65999999999985,0.34925531914893543
Hyundai,8.21,24068,738,32725,1591,1345,14695,93,1,0,0,0,1,0,0,0,1,0,7,9.236329352608422,0.0691449814126394,3438.285714285714,0.002249315068493151,75888,76139.02,251.02000000000407,0.3307769344296912
Nissan,6.03,27500,508,45201,1197,1285,18583,85,1,0,0,0,0,1,0,0,1,0,9,15.524644945697577,0.06614785992217899,3055.5555555555557,0.0016520547945205481,68500,66725.75,1774.25,2.5901459854014597
Hyundai,4.92,66000,738,47889,1591,1345,17164,93,1,0,0,0,1,0,0,0,1,0,10,10.78818353236958,0.0691449814126394,6600.0,0.001347945205479452,53800,55433.12,1633.1200000000026,3.035539033457254
Porsche,8.16,50300,3989,39936,3600,1765,230819,353,1,0,0,0,0,0,1,0,1,0,18,64.11638888888889,0.2,2794.4444444444443,0.0022356164383561645,358000,436301.85,78301.84999999998,21.872025139664796
Mitsubishi,1.72,120000,1028,21061,1584,1162,12816,79,3,0,0,0,1,0,0,0,1,0,19,8.090909090909092,0.06798623063683305,6315.789473684211,0.00047123287671232874,11800,12948.64,1148.6399999999994,9.734237288135589
Toyota,5.19,73000,974,57903,1797,1350,20062,105,1,0,0,1,0,0,0,0,1,0,10,11.164162493043962,0.07777777777777778,7300.0,0.0014219178082191782,67699,66706.24,992.7599999999948,1.4664322958980114
MINI,9.47,3000,684,37690,1499,1140,25526,75,1,1,0,0,0,0,0,0,1,0,6,17.028685790527017,0.06578947368421052,500.0,0.0025945205479452056,116888,112902.18,3985.820000000007,3.409947984395324
Nissan,5.82,62703,508,50789,1197,1285,18725,85,2,0,0,0,0,1,0,0,1,0,10,15.64327485380117,0.06614785992217899,6270.3,0.0015945205479452056,64800,60997.85,3802.1500000000015,5.8675154320987675
BMW,9.12,10500,1210,34989,1998,1470,56927,190,2,0,1,0,0,0,0,0,1,0,6,28.49199199199199,0.1292517006802721,1750.0,0.002498630136986301,218888,238033.59,19145.589999999997,8.746751763458937
Honda,1.77,159000,826,19637,1339,1010,12436,73,4,1,0,0,0,0,0,0,1,0,18,9.287528005974607,0.07227722772277227,8833.333333333334,0.0004849315068493151,14500,14923.1,423.10000000000036,2.917931034482761
Mercedes-Benz,8.71,13000,586,37900,1332,1405,29676,100,1,1,0,0,0,0,0,0,1,0,7,22.27927927927928,0.0711743772241993,1857.142857142857,0.002386301369863014,142800,143220.81,420.8099999999977,0.2946848739495782
BMW,7.9,102000,1976,35411,2497,1685,47402,160,6,0,0,0,0,0,1,0,1,0,16,18.983580296355626,0.09495548961424333,6375.0,0.002164383561643836,67700,77885.96,10185.960000000006,15.04573116691286
Honda,8.12,15000,682,26667,1496,1190,23445,96,1,0,0,0,0,1,0,0,1,0,7,15.671791443850267,0.08067226890756303,2142.8571428571427,0.002224657534246575,82800,88224.35,5424.350000000006,6.551147342995176
Hyundai,7.01,64073,608,38510,1368,1115,8291,73,1,0,0,0,1,0,0,0,1,0,8,6.060672514619883,0.06547085201793722,8009.125,0.0019205479452054793,58800,62263.09,3463.0899999999965,5.889608843537409
Ford,7.12,27000,5574,37000,5038,1893,56753,331,2,0,0,0,0,0,1,0,1,0,8,11.26498610559746,0.17485472794506074,3375.0,0.0019506849315068494,268800,203529.63,65270.369999999995,24.282131696428568
Toyota,6.79,65000,1210,42322,1998,1695,33308,170,3,0,0,0,0,1,0,0,1,0,8,16.67067067067067,0.10029498525073746,8125.0,0.0018602739726027398,109800,111700.97,1900.9700000000012,1.7313023679417134
Honda,5.07,39887,684,47020,1497,1160,19298,88,1,0,0,1,0,0,0,0,1,0,10,12.891115564462257,0.07586206896551724,3988.7,0.001389041095890411,63800,58988.26,4811.739999999998,7.5419122257053255
Mercedes-Benz,3.97,60400,740,57199,1595,1395,22896,90,2,1,0,0,0,0,0,0,1,0,11,14.354858934169279,0.06451612903225806,5490.909090909091,0.0010876712328767124,59800,68373.54,8573.539999999994,14.337023411371227
Honda,2.52,158000,1271,15777,1799,1385,26398,103,3,0,0,1,0,0,0,0,1,0,18,14.673707615341856,0.07436823104693141,8777.777777777777,0.0006904109589041096,26888,22176.2,4711.799999999999,17.52380243975007
Toyota,7.71,454249,1573,31933,1998,1540,23511,110,3,0,0,1,0,0,0,0,1,0,18,11.767267267267266,0.07142857142857142,25236.055555555555,0.0021123287671232878,55000,56084.8,1084.800000000003,1.9723636363636414
Mercedes-Benz,5.12,53873,740,52301,1595,1425,26882,90,1,1,0,0,0,0,0,0,1,0,11,16.853918495297805,0.06315789473684211,4897.545454545455,0.0014027397260273973,76988,75294.81,1693.1900000000023,2.1992907985660133
Mercedes-Benz,4.82,120000,740,46651,1595,1435,28343,90,1,0,0,0,0,1,0,0,1,0,11,17.769905956112854,0.0627177700348432,10909.09090909091,0.0013205479452054795,83800,72192.16,11607.839999999997,13.851837708830544
Hyundai,8.23,42121,738,31917,1591,1345,12631,93,2,0,0,0,1,0,0,0,1,0,7,7.939032055311125,0.0691449814126394,6017.285714285715,0.0022547945205479455,72000,74263.33,2263.3300000000017,3.1435138888888914
Toyota,6.21,39000,1210,49802,1998,1695,33308,170,3,0,0,0,0,1,0,0,1,0,9,16.67067067067067,0.10029498525073746,4333.333333333333,0.0017013698630136986,103800,108015.48,4215.479999999996,4.0611560693641575
Volkswagen,5.06,87286,620,56000,1390,1551,27496,118,1,0,0,0,0,1,0,0,1,0,10,19.781294964028778,0.07607994842037395,8728.6,0.0013863013698630136,76800,76916.95,116.94999999999709,0.15227864583332956
Honda,7.12,133000,962,37165,1595,1220,18699,92,4,0,0,0,1,0,0,0,1,0,18,11.723510971786833,0.07540983606557378,7388.888888888889,0.0019506849315068494,45800,49703.73,3903.730000000003,8.52342794759826
Honda,6.89,37700,684,38000,1497,1078,15908,88,1,0,0,0,1,0,0,0,1,0,8,10.626586506346026,0.08163265306122448,4712.5,0.0018876712328767123,69600,65052.96,4547.040000000001,6.533103448275863
Hyundai,5.18,70000,738,52503,1591,1345,13281,93,1,0,0,0,1,0,0,0,1,0,10,8.347580138277813,0.0691449814126394,7000.0,0.0014191780821917808,54800,55835.5,1035.5,1.8895985401459856
Subaru,7.03,41853,1208,36000,1995,1489,16555,115,1,0,0,0,0,1,0,0,1,0,9,8.298245614035087,0.07723304231027535,4650.333333333333,0.001926027397260274,80800,77698.56,3101.4400000000023,3.8384158415841614
Volkswagen,2.03,101000,624,61029,1395,1288,25395,103,2,1,0,0,0,0,0,0,1,0,13,18.204301075268816,0.07996894409937888,7769.2307692307695,0.0005561643835616438,33800,38606.3,4806.300000000003,14.219822485207109
Mercedes-Benz,0.5,86800,974,77000,1796,1685,55429,135,3,0,0,0,0,0,1,0,1,0,15,30.862472160356347,0.08011869436201781,5786.666666666667,0.000136986301369863,48800,53312.97,4512.970000000001,9.247889344262298
BMW,9.39,72992,2620,38216,2996,1855,72125,190,2,0,1,0,0,0,0,0,1,0,16,24.073765020026702,0.10242587601078167,4562.0,0.0025726027397260276,103800,110532.22,6732.220000000001,6.485761078998074
Mazda,5.16,35500,1210,57501,1998,1535,20747,111,1,0,0,1,0,0,0,0,1,0,10,10.383883883883884,0.07231270358306188,3550.0,0.0014136986301369863,65500,68791.91,3291.9100000000035,5.025816793893135
MINI,8.63,33468,684,35010,1498,1490,32498,75,1,0,0,0,0,1,0,0,1,0,9,21.694259012016023,0.050335570469798654,3718.6666666666665,0.002364383561643836,135800,131726.37,4073.6300000000047,2.9997275405007398
Mazda,9.48,4254,1210,39500,1998,1453,24569,121,1,0,0,0,0,1,0,0,1,0,6,12.296796796796796,0.08327598072952512,709.0,0.002597260273972603,120800,124722.22,3922.220000000001,3.2468708609271535
Mercedes-Benz,1.19,95000,3164,86889,3498,1975,95928,225,2,0,1,0,0,0,0,0,1,0,14,27.423670668953687,0.11392405063291139,6785.714285714285,0.00032602739726027394,88000,109898.89,21898.89,24.885102272727273
Toyota,2.42,133000,976,77100,1798,1360,23453,105,2,0,0,1,0,0,0,0,1,0,13,13.043937708565073,0.07720588235294118,10230.76923076923,0.000663013698630137,40800,41706.25,906.25,2.221200980392157
Volkswagen,9.05,158000,1313,33568,1984,1466,36556,188,5,0,0,0,0,0,1,0,1,0,16,18.425403225806452,0.12824010914051842,9875.0,0.0024794520547945205,90000,103840.02,13840.020000000004,15.377800000000006
Honda,8.38,33000,578,32309,1317,1030,16000,73,1,1,0,0,0,0,0,0,1,0,7,12.148823082763858,0.070873786407767,4714.285714285715,0.002295890410958904,73800,71941.24,1858.7599999999948,2.5186449864498575
BMW,6.72,24000,684,39000,1499,1425,33755,100,1,0,1,0,0,0,0,0,1,0,9,22.51834556370914,0.07017543859649122,2666.6666666666665,0.0018410958904109588,113800,114626.66,826.6600000000035,0.7264147627416552
Subaru,5.88,88888,1210,54405,1998,1682,17931,177,2,0,0,0,0,1,0,0,1,0,9,8.974474474474475,0.10523186682520809,9876.444444444445,0.001610958904109589,82800,79367.21,3432.7899999999936,4.1458816425120695
Kia,7.83,75176,738,25689,1591,1287,13722,93,1,0,0,0,1,0,0,0,1,0,8,8.624764299182903,0.07226107226107226,9397.0,0.0021452054794520547,73888,72531.67,1356.3300000000017,1.8356566695539218
Land Rover,5.31,53976,1212,56956,1999,1841,45440,177,1,0,0,0,0,1,0,0,1,0,10,22.73136568284142,0.09614340032590983,5397.6,0.0014547945205479452,117800,124525.18,6725.179999999993,5.708981324278432
Rolls-Royce,1.98,9900,8004,91910,6592,2495,364652,420,1,0,1,0,0,0,0,0,1,0,14,55.31735436893204,0.1683366733466934,707.1428571428571,0.0005424657534246575,575000,668615.41,93615.41000000003,16.28094086956522
Mercedes-Benz,5.46,74000,740,50000,1595,1425,26380,90,2,1,0,0,0,0,0,0,1,0,10,16.539184952978058,0.06315789473684211,7400.0,0.001495890410958904,75800,80625.49,4825.490000000005,6.366081794195258
Nissan,7.88,27000,742,33199,1598,1205,16713,85,1,0,0,0,1,0,0,0,1,0,7,10.458698372966207,0.07053941908713693,3857.1428571428573,0.002158904109589041,73800,76708.82,2908.820000000007,3.9414905149051584
Kia,7.76,49000,392,25689,998,1185,18830,88,1,0,0,0,0,1,0,0,1,0,8,18.867735470941884,0.07426160337552742,6125.0,0.002126027397260274,76800,78227.85,1427.8500000000058,1.8591796875000077
Subaru,5.63,65393,1210,53001,1998,1597,26777,197,2,0,0,0,0,0,1,0,1,0,10,13.401901901901901,0.12335629304946776,6539.3,0.0015424657534246575,103800,90739.86,13060.14,12.582023121387282
Mercedes-Benz,6.1,56000,740,46489,1595,1430,28815,90,2,0,1,0,0,0,0,0,1,0,9,18.065830721003135,0.06293706293706294,6222.222222222223,0.0016712328767123287,101800,110735.38,8935.380000000005,8.777387033398826
Honda,6.83,27064,684,40000,1498,1088,16853,96,1,1,0,0,0,0,0,0,1,0,8,11.25033377837116,0.08823529411764706,3383.0,0.0018712328767123288,70888,68943.58,1944.4199999999983,2.7429466200203114
Honda,0.97,139000,1694,26246,1998,1370,21236,114,2,0,1,0,0,0,0,0,1,0,19,10.62862862862863,0.08321167883211679,7315.789473684211,0.00026575342465753426,9000,9939.9,939.8999999999996,10.44333333333333
Audi,4.98,65000,624,47889,1395,1310,25095,92,1,0,1,0,0,0,0,0,1,0,10,17.989247311827956,0.07022900763358779,6500.0,0.0013643835616438357,69800,69413.53,386.47000000000116,0.5536819484240704
Toyota,7.06,37559,1210,38501,1998,1695,33308,170,2,0,0,0,0,1,0,0,1,0,8,16.67067067067067,0.10029498525073746,4694.875,0.0019342465753424657,117000,111826.56,5173.440000000002,4.421743589743592
Mercedes-Benz,5.52,49000,1202,53001,1991,1735,43761,155,2,0,0,0,0,1,0,0,1,0,10,21.979407332998495,0.0893371757925072,4900.0,0.0015123287671232875,145800,138332.67,7467.329999999987,5.121625514403283
Honda,8.02,12000,682,36704,1496,1200,21944,96,1,0,0,0,0,1,0,0,1,0,7,14.668449197860962,0.08,1714.2857142857142,0.0021972602739726028,88000,86968.0,1032.0,1.1727272727272726
Mercedes-Benz,3.44,96000,740,71990,1595,1425,32856,115,3,0,1,0,0,0,0,0,1,0,12,20.59937304075235,0.08070175438596491,8000.0,0.0009424657534246575,72800,70015.74,2784.2599999999948,3.82453296703296
Lexus,7.41,39800,1784,32311,2487,1620,47664,152,1,0,1,0,0,0,0,0,1,0,8,19.165259348612786,0.09382716049382717,4975.0,0.00203013698630137,156800,164973.92,8173.920000000013,5.212959183673478
Mercedes-Benz,5.39,50000,1202,55501,1991,1555,49827,280,1,1,0,0,0,0,0,0,1,0,10,25.02611752887996,0.18006430868167203,5000.0,0.0014767123287671232,176800,167691.29,9108.709999999992,5.151985294117643
Honda,6.93,55623,682,38801,1496,1130,20587,97,2,0,0,0,0,0,0,1,1,0,8,13.761363636363637,0.08584070796460178,6952.875,0.0018986301369863013,70888,74000.62,3112.6199999999953,4.390898318474206
Honda,6.01,55000,682,46489,1496,1130,19144,97,1,0,0,0,0,0,0,1,1,0,10,12.796791443850267,0.08584070796460178,5500.0,0.0016465753424657534,63800,60702.33,3097.6699999999983,4.855282131661439
Nissan,6.9,41000,508,39000,1197,1325,20452,85,1,0,0,0,0,1,0,0,1,0,8,17.086048454469505,0.06415094339622641,5125.0,0.0018904109589041097,80800,79706.74,1093.2599999999948,1.353044554455439
Audi,0.96,90000,5834,92050,5204,1715,289196,412,2,0,0,0,0,0,1,0,1,0,14,55.57186779400461,0.2402332361516035,6428.571428571428,0.00026301369863013696,268000,388957.7,120957.70000000001,45.13347014925373
Volkswagen,0.12,110000,620,40123,1390,1536,21400,103,4,0,0,1,0,0,0,0,1,0,15,15.39568345323741,0.06705729166666667,7333.333333333333,3.287671232876712e-05,17800,17712.66,87.34000000000015,0.4906741573033716
Volkswagen,4.43,102000,1194,57501,1984,1790,37799,147,2,0,0,1,0,0,0,0,1,0,11,19.051915322580644,0.08212290502793296,9272.727272727272,0.0012136986301369862,85800,91684.21,5884.210000000006,6.85805361305362
Kia,2.9,106354,886,13088,1591,1251,14114,92,5,0,0,0,1,0,0,0,1,0,17,8.87115021998743,0.07354116706634692,6256.117647058823,0.0007945205479452054,19800,23062.18,3262.1800000000003,16.475656565656568
Subaru,6.31,69666,1210,47501,1998,1682,16906,177,2,0,0,0,0,1,0,0,1,0,9,8.461461461461461,0.10523186682520809,7740.666666666667,0.001728767123287671,87800,81332.1,6467.899999999994,7.366628701594527
Toyota,7.9,108000,890,26175,1598,1195,17500,80,4,0,0,0,1,0,0,0,1,0,17,10.951188986232792,0.06694560669456066,6352.941176470588,0.002164383561643836,48888,49138.4,250.40000000000146,0.5121911307478347
Volkswagen,1.44,60000,620,77201,1390,1285,26183,118,1,0,0,0,0,0,1,0,1,0,14,18.836690647482015,0.09182879377431907,4285.714285714285,0.00039452054794520547,33800,35136.64,1336.6399999999994,3.95455621301775
Mazda,7.46,59000,682,28199,1496,1329,18114,88,1,1,0,0,0,0,0,0,1,0,8,12.108288770053475,0.06621519939804364,7375.0,0.002043835616438356,80688,80865.12,177.11999999999534,0.21951219512194542
Honda,8.05,28000,682,26999,1496,1190,22487,96,1,0,0,0,0,1,0,0,1,0,7,15.031417112299465,0.08067226890756303,4000.0,0.002205479452054795,84800,83396.29,1403.7100000000064,1.6553183962264226
Toyota,7.49,189000,2129,31553,2362,1845,34440,125,2,0,0,1,0,0,0,0,1,0,18,14.58086367485182,0.06775067750677506,10500.0,0.002052054794520548,60800,58279.44,2520.5599999999977,4.145657894736838
Lexus,5.97,52000,1210,55000,1998,1890,50208,175,1,0,0,0,0,1,0,0,1,0,10,25.12912912912913,0.09259259259259259,5200.0,0.0016356164383561644,145988,142297.88,3690.1199999999953,2.5276872071677094
Mercedes-Benz,9.57,150000,974,40714,1796,1500,51451,150,3,0,0,0,0,0,1,0,1,0,15,28.647550111358573,0.1,10000.0,0.0026219178082191783,119888,92838.61,27049.39,22.562216401975178
Mitsubishi,8.19,146600,821,29328,1499,1313,18142,80,3,0,0,0,1,0,0,0,1,0,17,12.10273515677118,0.06092916984006093,8623.529411764706,0.002243835616438356,57000,53582.33,3417.6699999999983,5.995912280701751
BMW,9.13,9000,1210,35001,1998,1485,41264,141,1,0,0,0,0,1,0,0,1,0,7,20.65265265265265,0.09494949494949495,1285.7142857142858,0.002501369863013699,168899,183265.36,14366.359999999986,8.505888134328792
BMW,3.19,93000,1210,69001,1997,1530,51234,180,2,0,1,0,0,0,0,0,1,0,12,25.655483224837255,0.11764705882352941,7750.0,0.0008739726027397261,93800,94989.8,1189.800000000003,1.2684434968017089
Toyota,3.51,105000,976,72890,1798,1360,23454,105,1,0,0,1,0,0,0,0,1,0,12,13.044493882091212,0.07720588235294118,8750.0,0.0009616438356164383,51500,52220.62,720.6200000000026,1.3992621359223352
Mercedes-Benz,9.07,76000,1071,33568,1796,1615,52895,135,2,0,1,0,0,0,0,0,1,0,16,29.451559020044545,0.08359133126934984,4750.0,0.0024849315068493152,76888,92211.34,15323.339999999997,19.929429819997914
Lexus,7.82,19800,1784,39401,2487,1620,39999,152,1,0,1,0,0,0,0,0,1,0,8,16.0832328106152,0.09382716049382717,2475.0,0.002142465753424658,165800,152113.25,13686.75,8.254975874547647
Honda,8.21,108970,818,29328,1496,1160,22345,81,1,0,0,0,0,0,0,1,1,0,18,14.936497326203208,0.06982758620689655,6053.888888888889,0.002249315068493151,52800,55143.5,2343.5,4.43844696969697
Mercedes-Benz,4.43,73000,4988,62101,4663,2015,131553,335,1,0,1,0,0,0,0,0,1,0,12,28.212095217671028,0.1662531017369727,6083.333333333333,0.0012136986301369862,259818,231281.47,28536.53,10.983276755267148
Mercedes-Benz,6.29,160224,1364,50355,1796,1490,42957,135,4,0,1,0,0,0,0,0,1,0,19,23.91815144766147,0.09060402684563758,8432.842105263158,0.0017232876712328768,50000,52034.52,2034.5199999999968,4.069039999999994
Honda,7.4,110000,1271,32279,1799,1219,23035,103,6,0,0,0,1,0,0,0,1,0,18,12.804335742078933,0.0844954881050041,6111.111111111111,0.0020273972602739727,62800,55956.81,6843.190000000002,10.896799363057328
Hyundai,2.86,143000,959,13088,1591,1264,11802,89,5,0,0,0,1,0,0,0,1,0,17,7.417976115650534,0.07041139240506329,8411.764705882353,0.0007835616438356164,20000,19764.61,235.38999999999942,1.176949999999997
Nissan,4.26,100000,742,57498,1598,1205,16439,85,1,0,0,0,1,0,0,0,1,0,11,10.287234042553191,0.07053941908713693,9090.90909090909,0.001167123287671233,46800,46343.76,456.23999999999796,0.9748717948717905
BMW,4.23,86000,684,62140,1499,1425,29417,100,2,0,1,0,0,0,0,0,1,0,11,19.624416277518346,0.07017543859649122,7818.181818181818,0.0011589041095890413,72800,73057.55,257.5500000000029,0.35377747252747654
Toyota,4.62,36489,242,28002,1598,1205,19589,90,2,0,0,0,1,0,0,0,1,0,11,12.258448060075095,0.07468879668049792,3317.181818181818,0.0012657534246575343,49800,50465.43,665.4300000000003,1.336204819277109
Volkswagen,1.14,100300,508,68656,1197,1222,19379,77,1,1,0,0,0,0,0,0,1,0,14,16.189640768588138,0.0630114566284779,7164.285714285715,0.00031232876712328764,33888,29302.14,4585.860000000001,13.532400849858359
Hyundai,7.06,21000,3602,37000,3778,2010,45649,232,2,0,1,0,0,0,0,0,1,0,9,12.08284806776072,0.1154228855721393,2333.3333333333335,0.0019342465753424657,160000,171077.4,11077.399999999994,6.9233749999999965
BMW,8.76,4000,4568,32801,4395,1995,113549,390,1,0,0,0,0,0,1,0,1,0,7,25.83594994311718,0.19548872180451127,571.4285714285714,0.0024,520800,422087.6,98712.40000000002,18.95399385560676
Mitsubishi,7.05,12431,506,36426,1193,940,14239,59,1,1,0,0,0,0,0,0,1,0,9,11.935456831517184,0.0627659574468085,1381.2222222222222,0.0019315068493150685,67800,56110.31,11689.690000000002,17.24143067846608
Subaru,7.15,64400,1208,32551,1995,1591,13642,110,1,0,0,0,0,1,0,0,1,0,8,6.838095238095238,0.06913890634820867,8050.0,0.001958904109589041,85200,85549.1,349.1000000000058,0.4097417840375655
Mitsubishi,6.63,61000,506,38200,1193,940,13474,59,1,0,0,0,1,0,0,0,1,0,9,11.294216261525566,0.0627659574468085,6777.777777777777,0.0018164383561643834,50800,52206.2,1406.199999999997,2.768110236220467
Toyota,7.44,173207,965,29670,1598,1195,16084,80,4,0,0,0,1,0,0,0,1,0,18,10.065081351689612,0.06694560669456066,9622.611111111111,0.0020383561643835617,45800,45412.9,387.09999999999854,0.8451965065502152
Hyundai,7.01,38265,738,36426,1591,1345,10241,93,1,0,0,0,1,0,0,0,1,0,8,6.436832181018228,0.0691449814126394,4783.125,0.0019205479452054793,64800,64869.44,69.44000000000233,0.10716049382716408
Toyota,8.28,111600,890,29485,1598,1195,17853,80,3,0,0,0,1,0,0,0,1,0,17,11.1720901126408,0.06694560669456066,6564.705882352941,0.0022684931506849314,49800,54544.34,4744.3399999999965,9.526787148594371
Bentley,1.85,72000,3940,96101,3993,2295,192406,373,3,0,0,0,0,0,1,0,1,0,14,48.18582519408966,0.1625272331154684,5142.857142857143,0.0005068493150684932,288888,375506.87,86618.87,29.983547257068484
Volkswagen,4.57,121107,682,18652,1390,1285,26053,118,2,0,0,0,0,0,1,0,1,0,16,18.7431654676259,0.09182879377431907,7569.1875,0.001252054794520548,42888,42287.11,600.8899999999994,1.4010678977802635
Skoda,7.44,41339,1194,31307,1984,1933,33031,132,2,0,0,0,0,1,0,0,1,0,8,16.648689516129032,0.06828763579927574,5167.375,0.0020383561643835617,129800,125233.39,4566.610000000001,3.5181895223420656
Honda,7.9,175000,1452,35411,1998,1270,32511,165,4,0,0,0,0,0,1,0,0,1,18,16.27177177177177,0.12992125984251968,9722.222222222223,0.002164383561643836,109888,96301.9,13586.100000000006,12.36358838089692
Hyundai,4.89,90000,738,49602,1591,1360,21050,137,2,1,0,0,0,0,0,0,1,0,10,13.230672532998115,0.10073529411764706,9000.0,0.00133972602739726,76800,64098.66,12701.339999999997,16.538203124999995
Mazda,5.35,100000,682,50000,1496,1321,17327,88,3,0,0,0,1,0,0,0,1,0,10,11.582219251336898,0.06661619984859955,10000.0,0.0014657534246575342,53900,56866.65,2966.6500000000015,5.503988868274585
Honda,5.03,56000,682,53694,1496,1130,17953,97,2,0,0,0,0,0,0,1,1,0,11,12.00066844919786,0.08584070796460178,5090.909090909091,0.001378082191780822,53800,53589.78,210.22000000000116,0.390743494423794
Kia,4.32,111111,812,16570,1591,1251,13621,92,2,0,0,0,1,0,0,0,1,0,16,8.561282212445002,0.07354116706634692,6944.4375,0.0011835616438356166,33000,35540.29,2540.290000000001,7.697848484848488
Hyundai,8.09,22000,238,11589,1591,1345,17957,93,1,0,0,0,1,0,0,0,1,0,7,11.286612193588939,0.0691449814126394,3142.8571428571427,0.0022164383561643834,66800,77064.02,10264.020000000004,15.36529940119761
BMW,9.99,60000,2382,49716,2996,1855,73320,190,3,0,1,0,0,0,0,0,1,0,16,24.472630173564752,0.10242587601078167,3750.0,0.002736986301369863,99800,116399.31,16599.309999999998,16.6325751503006
BMW,9.17,14000,2384,37102,2998,1845,72244,285,1,0,0,0,0,1,0,0,1,0,6,24.09739826551034,0.15447154471544716,2333.3333333333335,0.0025123287671232875,309800,288051.27,21748.72999999998,7.020248547449961
BMW,9.47,4400,684,41101,1499,1420,39377,103,1,0,0,0,0,1,0,0,1,0,6,26.268845897264843,0.07253521126760563,733.3333333333334,0.0025945205479452056,165800,174269.03,8469.029999999999,5.1079794933655
Nissan,4.46,47800,508,59200,1198,1081,13923,72,1,1,0,0,0,0,0,0,1,0,11,11.62186978297162,0.0666049953746531,4345.454545454545,0.001221917808219178,41800,49955.78,8155.779999999999,19.511435406698563
Mitsubishi,5.61,100000,738,48000,1590,1284,13067,86,1,0,0,0,1,0,0,0,1,0,10,8.218238993710692,0.06697819314641744,10000.0,0.001536986301369863,60800,57049.71,3750.290000000001,6.168240131578949
Honda,9.24,130000,814,32190,1595,1220,22950,92,3,0,0,0,1,0,0,0,1,0,17,14.38871473354232,0.07540983606557378,7647.058823529412,0.0025315068493150686,57888,61724.64,3836.6399999999994,6.627694859038141
Nissan,5.03,69000,1210,49156,1997,1626,22572,106,2,0,0,0,0,1,0,0,1,0,10,11.302954431647471,0.06519065190651907,6900.0,0.001378082191780822,70900,70603.02,296.9799999999959,0.41887165021155986
Honda,5.89,53689,682,51600,1496,1130,19795,97,1,0,0,0,0,0,0,1,1,0,10,13.231951871657754,0.08584070796460178,5368.9,0.0016136986301369862,61800,63054.12,1254.1200000000026,2.029320388349519
Volvo,6.23,57326,684,42900,1498,1454,23535,90,1,1,0,0,0,0,0,0,1,0,9,15.710947930574099,0.061898211829436035,6369.555555555556,0.0017068493150684933,74800,80027.34,5227.3399999999965,6.988422459893043
Toyota,6.48,136889,2293,50168,2362,1750,28508,125,1,0,0,1,0,0,0,0,1,0,19,12.06943268416596,0.07142857142857142,7204.684210526316,0.0017753424657534248,54888,53648.96,1239.0400000000009,2.2573968809211498
Mitsubishi,2.91,133000,889,13943,1499,1313,19550,80,5,0,0,0,1,0,0,0,1,0,17,13.042028018679119,0.06092916984006093,7823.529411764706,0.0007972602739726028,23000,24086.62,1086.619999999999,4.724434782608691
Mercedes-Benz,0.81,135000,742,56551,1597,1500,30319,115,3,0,1,0,0,0,0,0,1,0,14,18.984971822166564,0.07666666666666666,9642.857142857143,0.0002219178082191781,32800,33096.5,296.5,0.9039634146341463
Nissan,8.31,16000,742,31759,1598,1205,16713,85,1,0,0,0,1,0,0,0,1,0,7,10.458698372966207,0.07053941908713693,2285.714285714286,0.0022767123287671235,76800,80572.4,3772.399999999994,4.91197916666666
Peugeot,7.06,60000,508,34110,1199,1150,21649,96,2,1,0,0,0,0,0,0,1,0,9,18.055879899916597,0.08347826086956522,6666.666666666667,0.0019342465753424657,75000,70149.71,4850.289999999994,6.467053333333325
Suzuki,1.63,185000,1030,21485,1586,1205,12476,75,3,0,0,0,1,0,0,0,1,0,19,7.866330390920555,0.06224066390041494,9736.842105263158,0.0004465753424657534,12800,12866.09,66.09000000000015,0.5163281250000011
Subaru,8.26,32000,1208,36001,1995,1591,18058,115,1,0,0,0,0,1,0,0,1,0,7,9.051629072681704,0.07228158390949088,4571.428571428572,0.0022630136986301367,109800,106987.44,2812.5599999999977,2.5615300546448068
Toyota,7.51,146888,2337,31553,2499,1510,30672,158,4,0,1,0,0,0,0,0,1,0,19,12.273709483793517,0.10463576158940398,7730.9473684210525,0.0020575342465753424,52500,54740.84,2240.8399999999965,4.26826666666666
Mazda,3.28,106000,1520,73010,2261,1780,23920,120,2,0,0,1,0,0,0,0,1,0,12,10.579389650597081,0.06741573033707865,8833.333333333334,0.0008986301369863013,52888,46174.13,6713.870000000003,12.694505369838152
Ford,6.88,29761,1520,38000,2261,1692,43350,233,1,0,0,0,0,0,1,0,1,0,10,19.172932330827066,0.13770685579196218,2976.1,0.001884931506849315,188800,170206.4,18593.600000000006,9.848305084745766
Peugeot,4.53,71000,508,59200,1199,1150,18216,96,1,1,0,0,0,0,0,0,1,0,11,15.192660550458715,0.08347826086956522,6454.545454545455,0.001241095890410959,51800,50784.59,1015.4100000000035,1.960250965250972
Honda,5.89,72000,682,52000,1496,1190,20771,96,3,0,0,0,0,1,0,0,1,0,10,13.884358288770054,0.08067226890756303,7200.0,0.0016136986301369862,61800,62515.28,715.2799999999988,1.1574110032362441
Bentley,6.12,8500,3940,50110,3993,2417,199843,373,1,0,1,0,0,0,0,0,1,0,9,50.04833458552467,0.15432354158047165,944.4444444444445,0.0016767123287671232,538800,573075.61,34275.609999999986,6.361471789161096
Volkswagen,6.31,118000,3755,50355,3189,1617,39828,184,3,0,0,0,0,0,1,0,1,0,19,12.489181561618063,0.11379097093382808,6210.526315789473,0.001728767123287671,61000,74443.84,13443.839999999997,22.039081967213107
BMW,5.04,61000,2362,57010,2979,2105,74528,225,1,0,0,0,0,1,0,0,1,0,12,25.017791205102384,0.10688836104513064,5083.333333333333,0.0013808219178082191,162800,148429.68,14370.320000000007,8.826977886977891
Honda,5.23,68000,682,53000,1496,1190,20417,96,4,0,0,0,0,1,0,0,1,0,10,13.647727272727273,0.08067226890756303,6800.0,0.0014328767123287672,56800,59687.49,2887.489999999998,5.083609154929574
Toyota,8.06,32249,742,26999,1598,1230,18787,96,1,0,0,0,1,0,0,0,1,0,7,11.75657071339174,0.07804878048780488,4607.0,0.0022082191780821918,85888,83101.25,2786.75,3.244632544709389
Volvo,6.67,23000,684,36890,1498,1558,26098,90,1,0,1,0,0,0,0,0,1,0,9,17.421895861148197,0.057766367137355584,2555.5555555555557,0.0018273972602739726,85777,91599.46,5822.460000000006,6.7879035172598785
Toyota,3.44,145302,1438,19565,1987,1380,22003,106,3,0,0,1,0,0,0,0,1,0,17,11.073477604428787,0.07681159420289856,8547.176470588236,0.0009424657534246575,30800,29100.8,1699.2000000000007,5.516883116883119
Mazda,9.28,5000,682,37766,1496,1067,18205,85,1,1,0,0,0,0,0,0,1,0,7,12.169117647058824,0.07966260543580131,714.2857142857143,0.0025424657534246576,81800,87054.64,5254.639999999999,6.423765281173593
Audi,7.31,30000,392,28000,999,1315,23688,85,2,0,0,0,0,1,0,0,1,0,8,23.71171171171171,0.06463878326996197,3750.0,0.002002739726027397,99800,96937.79,2862.2100000000064,2.8679458917835734
Mercedes-Benz,5.14,46700,740,47020,1595,1395,23217,90,1,1,0,0,0,0,0,0,1,0,10,14.556112852664576,0.06451612903225806,4670.0,0.0014082191780821916,78800,77438.7,1361.300000000003,1.7275380710659938
Mitsubishi,2.99,120000,881,13943,1584,1162,12200,79,2,0,0,0,1,0,0,0,0,1,17,7.702020202020202,0.06798623063683305,7058.823529411765,0.0008191780821917809,28888,21390.2,7497.799999999999,25.954721683744115
Mitsubishi,2.82,216790,821,12763,1499,1313,18868,80,3,0,0,0,1,0,0,0,1,0,17,12.587058038692462,0.06092916984006093,12752.35294117647,0.0007726027397260273,22800,25359.58,2559.5800000000017,11.226228070175447
Honda,5.42,48888,682,53334,1496,1190,23634,96,1,0,0,0,0,1,0,0,1,0,10,15.79812834224599,0.08067226890756303,4888.8,0.001484931506849315,66988,67949.63,961.6300000000047,1.4355257658088085
Audi,4.05,83000,976,75000,1798,1545,31248,125,1,0,1,0,0,0,0,0,1,0,11,17.379310344827587,0.08090614886731391,7545.454545454545,0.0011095890410958904,63800,77920.22,14120.220000000001,22.132006269592477
Hyundai,7.59,48584,608,25501,1368,1115,8517,73,1,0,0,0,1,0,0,0,1,0,8,6.225877192982456,0.06547085201793722,6073.0,0.0020794520547945203,64800,66697.03,1897.0299999999988,2.9275154320987635
Mercedes-Benz,9.9,48000,974,47316,1796,1575,65148,150,3,0,0,0,0,0,1,0,1,0,16,36.2739420935412,0.09523809523809523,3000.0,0.0027123287671232876,109888,110228.0,340.0,0.3094059405940594
Mitsubishi,6.53,85000,1636,57414,2360,1535,19715,123,1,0,0,0,0,1,0,0,1,0,9,8.353813559322035,0.08013029315960912,9444.444444444445,0.001789041095890411,89000,78191.49,10808.509999999995,12.14439325842696
Mazda,6.77,56000,682,36001,1496,1310,14299,88,2,0,0,0,1,0,0,0,1,0,9,9.558155080213904,0.06717557251908397,6222.222222222223,0.0018547945205479451,66800,64316.59,2483.4100000000035,3.717679640718568
Honda,4.2,67000,1630,60789,2356,1855,26576,129,1,0,0,1,0,0,0,0,1,0,11,11.280135823429541,0.06954177897574124,6090.909090909091,0.0011506849315068494,72999,67730.13,5268.869999999995,7.2177290099864315
Audi,9.24,110000,1074,32914,1798,1450,38496,118,4,0,1,0,0,0,0,0,1,0,16,21.410456062291434,0.08137931034482758,6875.0,0.0025315068493150686,69800,72833.04,3033.0399999999936,4.345329512893974
Mercedes-Benz,7.9,93000,1169,35411,1796,1575,57392,150,2,0,0,0,0,0,1,0,1,0,17,31.955456570155903,0.09523809523809523,5470.588235294118,0.002164383561643836,92000,82986.65,9013.350000000006,9.797119565217399
Mazda,5.71,57200,1786,48209,2488,1515,26059,141,1,0,1,0,0,0,0,0,1,0,10,10.47387459807074,0.09306930693069307,5720.0,0.0015643835616438355,73800,76162.79,2362.7899999999936,3.201612466124652
Mercedes-Benz,6.25,168892,1364,50355,1796,1490,42935,135,3,0,1,0,0,0,0,0,1,0,19,23.905902004454344,0.09060402684563758,8889.052631578947,0.0017123287671232876,53800,51819.71,1980.2900000000009,3.6808364312267674
BMW,9.57,108000,2362,40714,2979,1775,55697,225,5,0,1,0,0,0,0,0,1,0,15,18.696542463914064,0.1267605633802817,7200.0,0.0026219178082191783,95000,115243.22,20243.22,21.308652631578948
Honda,5.6,68000,684,56206,1498,1324,27624,127,1,0,0,0,1,0,0,0,1,0,10,18.440587449933243,0.09592145015105741,6800.0,0.0015342465753424657,81800,81403.02,396.9799999999959,0.4853056234718776
Toyota,7.38,116900,887,30284,1496,1200,15433,81,3,0,0,0,1,0,0,0,1,0,18,10.316176470588236,0.0675,6494.444444444444,0.002021917808219178,47800,47673.0,127.0,0.26569037656903766
MINI,7.71,11000,1210,31001,1998,1390,37307,141,2,0,0,0,0,0,1,0,1,0,8,18.67217217217217,0.10143884892086331,1375.0,0.0021123287671232878,137800,144182.11,6382.109999999986,4.6314296081277115
Mazda,7.7,31561,1210,34509,1998,1515,18977,121,1,0,1,0,0,0,0,0,1,0,8,9.497997997997999,0.07986798679867987,3945.125,0.0021095890410958904,88800,96682.23,7882.229999999996,8.87638513513513
Mercedes-Benz,8.83,14700,1202,32801,1991,1795,56277,190,1,0,0,0,0,1,0,0,1,0,7,28.265695630336513,0.10584958217270195,2100.0,0.002419178082191781,248800,237939.56,10860.440000000002,4.365128617363345
Volkswagen,9.51,2000,624,41503,1395,1478,32531,110,1,0,0,1,0,0,0,0,1,0,6,23.319713261648747,0.07442489851150202,333.3333333333333,0.0026054794520547946,147800,152276.84,4476.8399999999965,3.0289851150202955
Volkswagen,4.56,11300,1194,55001,1984,1689,34986,155,1,0,0,0,0,1,0,0,1,0,11,17.63407258064516,0.09177027827116636,1027.2727272727273,0.0012493150684931506,89800,88948.5,851.5,0.9482182628062361
Toyota,3.39,157891,890,15287,1598,1195,17853,80,4,0,0,0,1,0,0,0,1,0,17,11.1720901126408,0.06694560669456066,9287.70588235294,0.0009287671232876712,27500,24395.48,3104.5200000000004,11.289163636363638
BMW,5.02,102000,1210,49000,1998,1720,72062,190,2,0,1,0,0,0,0,0,1,0,10,36.067067067067065,0.11046511627906977,10200.0,0.0013753424657534246,169800,182094.05,12294.049999999988,7.240312131919898
Volkswagen,4.29,115000,682,16570,1390,1129,15049,63,3,1,0,0,0,0,0,0,1,0,16,10.82661870503597,0.05580159433126661,7187.5,0.0011753424657534248,37800,32308.92,5491.080000000002,14.52666666666667
Mercedes-Benz,5.79,71000,740,50991,1595,1430,28815,90,2,0,1,0,0,0,0,0,1,0,9,18.065830721003135,0.06293706293706294,7888.888888888889,0.0015863013698630137,100800,103314.89,2514.8899999999994,2.494930555555555
Volkswagen,8.65,160000,1433,38071,1984,1393,30348,155,4,0,0,0,0,0,1,0,1,0,17,15.296370967741936,0.11127063890882986,9411.764705882353,0.00236986301369863,73888,79888.66,6000.6600000000035,8.121291684712
Mercedes-Benz,8.7,15211,740,35010,1595,1435,28463,90,1,0,0,0,0,1,0,0,1,0,7,17.84514106583072,0.0627177700348432,2173.0,0.002383561643835616,134800,136473.24,1673.2399999999907,1.2412759643916844
Nissan,5.06,65223,508,53694,1197,1285,18974,85,1,0,0,0,0,1,0,0,1,0,10,15.851294903926483,0.06614785992217899,6522.3,0.0013863013698630136,57888,59544.87,1656.8700000000026,2.862199419568827
Mercedes-Benz,5.73,51000,740,52807,1595,1395,25411,115,1,1,0,0,0,0,0,0,1,0,10,15.93166144200627,0.08243727598566308,5100.0,0.0015698630136986302,89800,81664.7,8135.300000000003,9.059354120267264
Subaru,4.23,99000,1208,62140,1995,1566,13948,110,1,0,0,0,0,1,0,0,1,0,11,6.991478696741854,0.070242656449553,9000.0,0.0011589041095890413,54800,53446.18,1353.8199999999997,2.470474452554744
Nissan,5.53,216434,1026,51271,1498,1130,15203,80,5,0,0,0,1,0,0,0,1,0,20,10.14886515353805,0.07079646017699115,10821.7,0.001515068493150685,30700,42535.09,11835.089999999997,38.55078175895764
Mercedes-Benz,7.1,35000,740,38001,1595,1435,28179,90,1,0,0,0,0,1,0,0,1,0,8,17.667084639498434,0.0627177700348432,4375.0,0.0019452054794520546,112800,114947.04,2147.0399999999936,1.903404255319143
Hyundai,7.2,72000,600,34381,1353,1240,18304,103,1,1,0,0,0,0,0,0,1,0,8,13.528455284552846,0.08306451612903226,9000.0,0.0019726027397260273,76800,78185.3,1385.300000000003,1.8037760416666704
Porsche,9.48,100000,3346,40014,3614,1530,122272,254,5,0,0,0,0,0,1,0,1,0,16,33.832872163807416,0.16601307189542483,6250.0,0.002597260273972603,235000,237933.35,2933.350000000006,1.248234042553194
Toyota,2.36,139579,887,15142,1496,1200,14949,81,5,0,0,0,1,0,0,0,1,0,18,9.992647058823529,0.0675,7754.388888888889,0.0006465753424657534,19800,17621.26,2178.7400000000016,11.003737373737382
Subaru,5.45,78000,1210,56206,1998,1682,20817,177,1,0,0,0,0,1,0,0,1,0,10,10.41891891891892,0.10523186682520809,7800.0,0.0014931506849315069,76100,73538.12,2561.8800000000047,3.3664651773981666
Honda,7.34,41738,684,32551,1498,1324,27562,127,1,0,0,0,1,0,0,0,1,0,8,18.39919893190921,0.09592145015105741,5217.25,0.002010958904109589,102800,104134.72,1334.7200000000012,1.298365758754865
BMW,5.51,69000,684,46229,1499,1430,30895,100,1,0,0,0,0,1,0,0,1,0,10,20.61040693795864,0.06993006993006994,6900.0,0.0015095890410958903,91900,92507.65,607.6499999999942,0.6612078346028228
Mazda,8.32,102000,686,29485,1308,1360,30279,158,6,0,0,0,0,0,1,0,1,0,18,23.14908256880734,0.1161764705882353,5666.666666666667,0.0022794520547945204,67800,71968.74,4168.740000000005,6.148584070796468
Mazda,5.04,69000,1210,56000,1998,1454,20024,121,2,0,1,0,0,0,0,0,1,0,10,10.022022022022021,0.08321870701513068,6900.0,0.0013808219178082191,65515,66148.82,633.820000000007,0.9674425704037349
Volkswagen,5.63,88000,620,50889,1390,1417,17727,90,1,0,0,0,1,0,0,0,1,0,11,12.753237410071943,0.06351446718419196,8000.0,0.0015424657534246575,59800,55376.39,4423.610000000001,7.397341137123748
Volkswagen,6.06,36834,508,42801,1197,1229,18062,81,2,1,0,0,0,0,0,0,1,0,10,15.08939014202172,0.06590724165988608,3683.4,0.0016602739726027395,63888,60953.91,2934.0899999999965,4.592552592036057
Honda,7.69,160000,2116,31933,2354,1680,37136,132,2,0,0,1,0,0,0,0,1,0,18,15.77570093457944,0.07857142857142857,8888.888888888889,0.002106849315068493,48800,54672.47,5872.470000000001,12.033750000000003
Mazda,4.39,83620,682,56209,1496,1321,17996,88,1,0,0,0,1,0,0,0,1,0,11,12.029411764705882,0.06661619984859955,7601.818181818182,0.0012027397260273973,50800,52205.58,1405.5800000000017,2.766889763779531
Toyota,1.53,80000,1210,93004,1998,1445,23232,109,1,0,1,0,0,0,0,0,1,0,14,11.627627627627628,0.0754325259515571,5714.285714285715,0.0004191780821917808,35800,32933.38,2866.6200000000026,8.007318435754197
Toyota,4.04,114974,1638,76612,2362,1790,29861,125,1,0,0,1,0,0,0,0,1,0,12,12.64225232853514,0.06983240223463687,9581.166666666666,0.0011068493150684932,69800,69796.16,3.8399999999965075,0.005501432664751444
Honda,5.1,41300,682,52301,1496,1130,16878,97,1,0,0,0,0,0,0,1,1,0,11,11.282085561497325,0.08584070796460178,3754.5454545454545,0.0013972602739726026,56988,51686.16,5301.8399999999965,9.303432301537159
Kia,7.57,28000,738,25556,1591,1287,18084,93,1,0,0,0,1,0,0,0,1,0,8,11.366436203645506,0.07226107226107226,3500.0,0.002073972602739726,77800,81354.64,3554.6399999999994,4.568946015424164
BMW,8.9,120000,2620,33568,2996,1855,71379,190,4,0,1,0,0,0,0,0,1,0,16,23.824766355140188,0.10242587601078167,7500.0,0.002438356164383562,91800,95351.89,3551.8899999999994,3.8691612200435723
Toyota,5.14,114001,1196,57508,1986,1570,23522,112,1,0,0,1,0,0,0,0,1,0,11,11.84390735146022,0.07133757961783439,10363.727272727272,0.0014082191780821916,79800,65345.75,14454.25,18.11309523809524
Honda,7.19,31000,682,31001,1496,1430,25984,101,1,0,0,1,0,0,0,0,1,0,8,17.36898395721925,0.07062937062937064,3875.0,0.0019698630136986304,93800,100954.8,7154.800000000003,7.627718550106613
Mercedes-Benz,2.5,100000,740,73160,1595,1395,24641,115,3,1,0,0,0,0,0,0,1,0,13,15.448902821316615,0.08243727598566308,7692.307692307692,0.0006849315068493151,44800,44525.78,274.22000000000116,0.6120982142857169
Hyundai,7.9,112000,886,26175,1591,1264,9306,89,1,0,0,0,1,0,0,0,0,1,17,5.849151477058454,0.07041139240506329,6588.235294117647,0.002164383561643836,44800,46525.62,1725.6200000000026,3.851830357142863
BMW,9.47,7300,1210,39500,1998,1685,44437,135,1,0,0,0,0,1,0,0,1,0,6,22.24074074074074,0.08011869436201781,1216.6666666666667,0.0025945205479452056,209800,210540.12,740.1199999999953,0.3527740705433724
BMW,4.89,50000,684,49501,1499,1360,26848,100,2,0,0,0,0,0,1,0,1,0,10,17.91060707138092,0.07352941176470588,5000.0,0.00133972602739726,88000,79221.01,8778.990000000005,9.976125000000007
Mercedes-Benz,6.33,51000,740,44002,1595,1430,28815,90,2,0,1,0,0,0,0,0,1,0,9,18.065830721003135,0.06293706293706294,5666.666666666667,0.0017342465753424658,105888,111192.44,5304.440000000002,5.009481716530676
Mercedes-Benz,4.65,79000,740,45002,1595,1430,28046,90,1,0,1,0,0,0,0,0,1,0,11,17.583699059561127,0.06293706293706294,7181.818181818182,0.0012739726027397261,83800,81153.94,2646.0599999999977,3.1575894988066797
Nissan,5.35,51770,1210,55501,1997,1626,23227,106,1,0,0,0,0,1,0,0,1,0,10,11.630946419629444,0.06519065190651907,5177.0,0.0014657534246575342,73000,75544.43,2544.429999999993,3.4855205479451956
Volkswagen,4.02,122000,682,16438,1390,1129,15050,63,4,1,0,0,0,0,0,0,1,0,16,10.827338129496402,0.05580159433126661,7625.0,0.0011013698630136985,33800,31643.9,2156.0999999999985,6.378994082840232
Audi,8.67,97000,1433,38071,1984,1280,44016,200,2,0,0,0,0,0,1,0,1,0,17,22.18548387096774,0.15625,5705.882352941177,0.0023753424657534244,87000,104233.59,17233.589999999997,19.80872413793103
Mercedes-Benz,8.31,154807,1169,37941,1796,1650,53009,150,1,0,1,0,0,0,0,0,1,0,17,29.515033407572382,0.09090909090909091,9106.29411764706,0.0022767123287671235,69800,73667.02,3867.020000000004,5.540143266475651
Mercedes-Benz,2.52,118500,740,83751,1595,1485,29525,115,1,0,1,0,0,0,0,0,1,0,13,18.510971786833856,0.07744107744107744,9115.384615384615,0.0006904109589041096,52800,53588.39,788.3899999999994,1.4931628787878777
Toyota,2.7,147257,1264,15967,1794,1310,18803,97,3,0,0,1,0,0,0,0,1,0,17,10.481047937569677,0.07404580152671755,8662.176470588236,0.0007397260273972604,21500,22055.4,555.4000000000015,2.583255813953495
Toyota,8.71,9800,1210,37500,1998,1695,30808,170,1,0,0,0,0,1,0,0,1,0,7,15.41941941941942,0.10029498525073746,1400.0,0.002386301369863014,132800,138250.45,5450.450000000012,4.104254518072298
BMW,1.5,109000,3948,90200,3999,1675,70137,309,2,0,0,0,0,0,1,0,1,0,15,17.538634658664666,0.18447761194029852,7266.666666666667,0.00041095890410958907,150000,128266.02,21733.979999999996,14.489319999999998
Kia,7.58,43000,738,28457,1591,1287,13838,93,1,0,0,0,1,0,0,0,1,0,8,8.69767441860465,0.07226107226107226,5375.0,0.0020767123287671234,71888,73980.83,2092.8300000000017,2.9112369241041645
Mazda,7.97,31000,1210,48010,1998,1290,17389,115,1,0,0,0,0,1,0,0,1,0,8,8.703203203203204,0.08914728682170543,3875.0,0.0021835616438356164,82800,81482.56,1317.4400000000023,1.591111111111114
Mitsubishi,8.7,17000,684,30890,1499,1490,24732,120,1,0,0,0,0,1,0,0,1,0,7,16.49899933288859,0.08053691275167785,2428.5714285714284,0.002383561643835616,106800,111835.8,5035.800000000003,4.715168539325846
Kia,0.98,107000,738,42952,1591,1261,13144,91,2,1,0,0,0,0,0,0,1,0,14,8.26147077309868,0.07216494845360824,7642.857142857143,0.0002684931506849315,21500,17561.97,3938.029999999999,18.316418604651158
Mercedes-Benz,5.58,61869,1202,46229,1991,1525,41667,135,2,0,0,0,0,0,1,0,1,0,10,20.92767453540934,0.08852459016393442,6186.9,0.0015287671232876712,139800,131436.12,8363.880000000005,5.982746781115883
Audi,6.43,38170,392,41761,999,1275,24162,85,1,1,0,0,0,0,0,0,1,0,9,24.186186186186188,0.06666666666666667,4241.111111111111,0.0017616438356164383,83999,88683.35,4684.350000000006,5.576673531827766
Kia,2.31,200000,575,16170,1086,872,8230,47,3,1,0,0,0,0,0,0,1,0,18,7.578268876611418,0.05389908256880734,11111.111111111111,0.0006328767123287671,12500,15457.66,2957.66,23.661279999999998
Mercedes-Benz,6.77,59000,1202,42661,1991,1615,58405,155,3,0,1,0,0,0,0,0,1,0,9,29.334505273731793,0.09597523219814241,6555.555555555556,0.0018547945205479451,162800,167382.37,4582.369999999995,2.8147235872235843
Honda,4.95,68000,682,46667,1496,1190,20333,96,3,0,0,0,0,1,0,0,1,0,11,13.591577540106952,0.08067226890756303,6181.818181818182,0.0013561643835616438,55800,55586.83,213.16999999999825,0.3820250896057316
Honda,8.18,18941,742,28589,1597,1237,20084,92,1,0,0,0,1,0,0,0,1,0,7,12.57608015028178,0.07437348423605497,2705.8571428571427,0.0022410958904109587,97800,90315.11,7484.889999999999,7.6532617586912055
Mazda,5.14,52000,1210,57501,1998,1664,22042,111,1,0,0,1,0,0,0,0,1,0,10,11.032032032032031,0.06670673076923077,5200.0,0.0014082191780821916,71800,70865.41,934.5899999999965,1.301657381615594
Toyota,3.92,115000,1638,68668,2362,1740,29052,125,1,0,0,1,0,0,0,0,1,0,11,12.29974597798476,0.07183908045977011,10454.545454545454,0.001073972602739726,73800,70861.93,2938.070000000007,3.981124661246622
BMW,6.08,42500,1210,49802,1998,1715,45296,135,1,0,0,0,0,0,1,0,1,0,9,22.67067067067067,0.07871720116618076,4722.222222222223,0.0016657534246575342,163800,152995.01,10804.98999999999,6.596452991452987
Toyota,4.91,52000,742,47300,1598,1205,17982,90,1,0,0,0,1,0,0,0,1,0,10,11.252816020025032,0.07468879668049792,5200.0,0.0013452054794520548,56800,58610.74,1810.739999999998,3.187922535211264
Mazda,4.89,60888,1210,49602,1998,1535,19211,111,1,0,0,1,0,0,0,0,1,0,10,9.615115115115115,0.07231270358306188,6088.8,0.00133972602739726,59800,62805.87,3005.8700000000026,5.026538461538466
Volkswagen,2.48,130000,806,14835,1390,1568,25583,125,3,0,0,1,0,0,0,0,1,0,18,18.405035971223022,0.07971938775510204,7222.222222222223,0.0006794520547945206,23000,21139.66,1860.3400000000001,8.088434782608696
Porsche,3.93,145000,3999,72136,3179,1460,91352,206,6,0,0,0,0,0,1,0,1,0,21,28.736080528468072,0.1410958904109589,6904.761904761905,0.0010767123287671234,85800,104855.19,19055.190000000002,22.208846153846157
Mitsubishi,6.02,67982,1210,53001,1998,1417,17145,110,1,0,0,0,0,1,0,0,1,0,9,8.58108108108108,0.0776287932251235,7553.555555555556,0.0016493150684931505,66888,70879.81,3991.8099999999977,5.9679015667982265
Mazda,5.18,102000,682,53000,1496,1321,16723,88,3,0,0,0,1,0,0,0,1,0,10,11.178475935828876,0.06661619984859955,10200.0,0.0014191780821917808,51800,56383.07,4583.07,8.847625482625482
Lexus,8.12,42893,1784,35906,2487,1620,47664,152,1,0,1,0,0,0,0,0,1,0,7,19.165259348612786,0.09382716049382717,6127.571428571428,0.002224657534246575,162800,173618.77,10818.76999999999,6.645436117936112
BMW,4.09,96500,2362,65501,2979,1845,75053,235,3,0,1,0,0,0,0,0,1,0,12,25.19402484055052,0.12737127371273713,8041.666666666667,0.0011205479452054794,152000,148962.95,3037.0499999999884,1.9980592105263082
Audi,7.47,230000,1269,32121,1798,1450,38931,118,5,0,1,0,0,0,0,0,1,0,18,21.652391546162402,0.08137931034482758,12777.777777777777,0.0020465753424657534,81500,59786.35,21713.65,26.642515337423315
Hyundai,3.23,84986,738,65710,1591,1292,13479,97,2,0,0,0,1,0,0,0,1,0,12,8.472030169704588,0.07507739938080496,7082.166666666667,0.0008849315068493151,40800,41858.07,1058.0699999999997,2.5933088235294113
Honda,3.24,188000,888,14743,1595,1220,25281,92,4,0,0,0,1,0,0,0,1,0,18,15.850156739811911,0.07540983606557378,10444.444444444445,0.0008876712328767124,26888,26650.16,237.84000000000015,0.8845581672121399
Mercedes-Benz,6.76,58000,740,38830,1595,1430,33051,90,1,0,1,0,0,0,0,0,1,0,9,20.72163009404389,0.06293706293706294,6444.444444444444,0.001852054794520548,119700,115043.61,4656.389999999999,3.8900501253132824
Mazda,4.45,63443,682,56001,1496,1324,18097,88,1,1,0,0,0,0,0,0,1,0,11,12.09692513368984,0.06646525679758308,5767.545454545455,0.001219178082191781,53000,53120.08,120.08000000000175,0.22656603773585235
BMW,8.13,45000,684,39400,1499,1430,35726,103,1,0,0,0,0,1,0,0,1,0,7,23.83322214809873,0.07202797202797202,6428.571428571428,0.002227397260273973,129800,132849.38,3049.3800000000047,2.3492912172573224
BMW,7.4,41000,684,32900,1499,1380,29536,80,1,1,0,0,0,0,0,0,1,0,8,19.70380253502335,0.057971014492753624,5125.0,0.0020273972602739727,105800,110758.13,4958.130000000005,4.686323251417774
Lexus,9.36,8241,1784,30890,2487,1620,40319,152,1,0,1,0,0,0,0,0,1,0,6,16.2119018898271,0.09382716049382717,1373.5,0.0025643835616438355,180988,179595.43,1392.570000000007,0.7694267023228097
Peugeot,5.85,71000,508,51765,1199,1190,18998,96,1,0,0,0,0,0,0,1,1,0,10,15.84487072560467,0.08067226890756303,7100.0,0.0016027397260273972,56800,56941.92,141.91999999999825,0.2498591549295744
Honda,3.19,187658,708,14664,1339,1010,14127,73,4,1,0,0,0,0,0,0,1,0,17,10.55041075429425,0.07227722772277227,11038.70588235294,0.0008739726027397261,24000,24724.36,724.3600000000006,3.018166666666669
Honda,1.15,198000,1369,26237,1799,1370,19836,103,3,0,0,1,0,0,0,0,1,0,19,11.026125625347415,0.07518248175182482,10421.052631578947,0.0003150684931506849,9800,11372.1,1572.1000000000004,16.04183673469388
Audi,6.88,54339,1194,37605,1984,1480,33425,140,1,0,1,0,0,0,0,0,1,0,8,16.847278225806452,0.0945945945945946,6792.375,0.001884931506849315,115800,116133.08,333.08000000000175,0.2876338514680499
Suzuki,2.12,129339,884,18583,1490,1060,11348,74,3,1,0,0,0,0,0,0,1,0,18,7.616107382550336,0.06981132075471698,7185.5,0.0005808219178082192,16800,15145.79,1654.2099999999991,9.84648809523809
Mercedes-Benz,5.71,80600,740,50951,1595,1430,28839,90,3,0,1,0,0,0,0,0,1,0,10,18.080877742946708,0.06293706293706294,8060.0,0.0015643835616438355,92800,94845.39,2045.3899999999994,2.2040840517241373
MINI,3.66,74000,742,75200,1598,1335,30498,135,4,0,0,0,0,0,1,0,1,0,12,19.085106382978722,0.10112359550561797,6166.666666666667,0.0010027397260273974,70800,72127.2,1327.199999999997,1.8745762711864364
Mitsubishi,2.11,170000,1573,18444,1998,1427,18825,114,5,0,0,0,1,0,0,0,1,0,18,9.421921921921921,0.07988787666433077,9444.444444444445,0.0005780821917808219,18000,17335.78,664.2200000000012,3.6901111111111176
BMW,9.72,138000,1976,45586,2497,1650,43867,150,5,0,1,0,0,0,0,0,1,0,16,17.567881457749298,0.09090909090909091,8625.0,0.0026630136986301373,81000,78228.32,2771.679999999993,3.4218271604938186
Rolls-Royce,6.33,2500,8004,48005,6592,2560,459377,420,2,0,0,0,0,0,1,0,1,0,10,69.68704490291262,0.1640625,250.0,0.0017342465753424658,1138000,705384.58,432615.42000000004,38.015414762741656
Nissan,6.55,54832,1210,57390,1997,1425,22778,106,1,0,0,0,0,1,0,0,1,0,9,11.406109163745619,0.07438596491228071,6092.444444444444,0.0017945205479452055,78800,82839.95,4039.949999999997,5.126840101522839
SEAT,5.92,57000,1194,48556,1984,1421,30720,213,1,1,0,0,0,0,0,0,1,0,10,15.483870967741936,0.1498944405348346,5700.0,0.001621917808219178,105500,102675.41,2824.5899999999965,2.677336492890992
Mercedes-Benz,8.09,17000,586,39728,1332,1420,35383,120,1,0,1,0,0,0,0,0,1,0,7,26.563813813813812,0.08450704225352113,2428.5714285714284,0.0022164383561643834,153800,144559.46,9240.540000000008,6.008153446033815
Volkswagen,4.85,47088,620,45504,1390,1417,21562,90,2,0,0,0,1,0,0,0,1,0,11,15.512230215827339,0.06351446718419196,4280.727272727273,0.001328767123287671,56800,60997.75,4197.75,7.390404929577466
Mercedes-Benz,6.02,45000,740,54405,1595,1425,36252,115,1,0,1,0,0,0,0,0,1,0,9,22.728526645768024,0.08070175438596491,5000.0,0.0016493150684931505,120000,120356.35,356.3500000000058,0.29695833333333815
Honda,9.05,16000,682,31210,1496,1130,20445,95,1,0,0,0,0,0,0,1,1,0,7,13.66644385026738,0.084070796460177,2285.714285714286,0.0024794520547945205,82500,85913.49,3413.4900000000052,4.137563636363643
Toyota,6.23,72000,1638,50526,2362,1760,37090,125,2,0,0,1,0,0,0,0,1,0,10,15.702794242167654,0.07102272727272728,7200.0,0.0017068493150684933,108800,116649.52,7849.520000000004,7.21463235294118
Mercedes-Benz,8.57,11000,740,32889,1595,1435,29710,90,1,0,0,0,0,1,0,0,1,0,7,18.6269592476489,0.0627177700348432,1571.4285714285713,0.002347945205479452,130800,137009.92,6209.920000000013,4.747645259938848
Honda,6.5,56787,1630,57390,2356,1855,30068,129,2,0,0,1,0,0,0,0,1,0,9,12.762308998302208,0.06954177897574124,6309.666666666667,0.001780821917808219,110800,106014.46,4785.539999999994,4.319079422382666
Honda,9.42,8977,682,35990,1496,1130,22101,95,1,0,0,0,0,0,0,1,1,0,7,14.773395721925134,0.084070796460177,1282.4285714285713,0.0025808219178082193,135000,90653.78,44346.22,32.849051851851854
Bentley,5.52,35000,3940,55201,3993,2492,174415,373,3,0,1,0,0,0,0,0,1,0,11,43.6801903330829,0.14967897271268057,3181.818181818182,0.0015123287671232875,388800,367116.92,21683.080000000016,5.576923868312762
Mercedes-Benz,3.34,148000,1169,18751,1796,1650,53009,150,1,0,1,0,0,0,0,0,1,0,17,29.515033407572382,0.09090909090909091,8705.882352941177,0.0009150684931506849,43500,52248.34,8748.339999999997,20.1111264367816
Honda,5.99,124303,1369,52491,1799,1350,17471,103,2,0,0,1,0,0,0,0,1,0,19,9.711506392440244,0.07629629629629629,6542.263157894737,0.001641095890410959,42800,45463.32,2663.3199999999997,6.222710280373831
Mercedes-Benz,9.12,24204,2382,35889,2996,1940,87297,200,1,0,1,0,0,0,0,0,1,0,7,29.13785046728972,0.10309278350515463,3457.714285714286,0.002498630136986301,345800,290700.39,55099.609999999986,15.933953152111044
Toyota,3.65,133000,821,16184,1497,1095,12717,80,5,0,0,0,1,0,0,0,1,0,17,8.49498997995992,0.0730593607305936,7823.529411764706,0.001,25500,29317.79,3817.790000000001,14.97172549019608
Toyota,1.23,98000,684,66889,1497,1095,11077,80,2,0,0,0,1,0,0,0,1,0,14,7.399465597862392,0.0730593607305936,7000.0,0.000336986301369863,20000,26069.4,6069.4000000000015,30.34700000000001
Toyota,1.9,162009,1694,20441,1998,1530,26830,108,4,0,1,0,0,0,0,0,1,0,18,13.428428428428429,0.07058823529411765,9000.5,0.0005205479452054794,16500,18446.38,1946.380000000001,11.796242424242429
BMW,4.87,84000,2384,47000,2998,1770,80796,240,2,0,1,0,0,0,0,0,1,0,10,26.94996664442962,0.13559322033898305,8400.0,0.0013342465753424658,184588,199308.16,14720.160000000003,7.974602899430085
Honda,7.9,141000,1174,35411,1799,1350,21681,103,2,0,0,1,0,0,0,0,1,0,18,12.051695386325736,0.07629629629629629,7833.333333333333,0.002164383561643836,52500,54253.56,1753.5599999999977,3.340114285714281
Hyundai,6.61,78000,738,38200,1591,1345,11796,93,1,0,0,0,1,0,0,0,1,0,9,7.414204902576995,0.0691449814126394,8666.666666666666,0.0018109589041095892,63800,63790.88,9.12000000000262,0.014294670846399089
Honda,5.99,29000,682,46489,1496,1190,22627,96,1,0,0,0,0,1,0,0,1,0,10,15.125,0.08067226890756303,2900.0,0.001641095890410959,69800,68901.7,898.3000000000029,1.2869627507163366
Honda,2.45,154288,889,14835,1497,1080,21214,88,2,1,0,0,0,0,0,0,1,0,18,14.171008684034737,0.08148148148148149,8571.555555555555,0.0006712328767123288,21800,20709.76,1090.2400000000016,5.0011009174311996
Lexus,9.15,121000,1980,33568,2500,1625,38845,153,3,0,1,0,0,0,0,0,1,0,16,15.538,0.09415384615384616,7562.5,0.0025068493150684932,71800,75807.35,4007.350000000006,5.58126740947076
Mercedes-Benz,9.99,156000,742,44138,1597,1500,31019,115,1,0,1,0,0,0,0,0,1,0,15,19.42329367564183,0.07666666666666666,10400.0,0.002736986301369863,78800,81193.46,2393.4600000000064,3.0373857868020386
Toyota,4.56,70000,742,56989,1598,1205,17804,90,2,0,0,0,1,0,0,0,1,0,11,11.14142678347935,0.07468879668049792,6363.636363636364,0.0012493150684931506,53777,54045.45,268.4499999999971,0.4991911040035649
BMW,7.89,49317,684,29159,1499,1490,31249,80,1,0,0,1,0,0,0,0,1,0,7,20.846564376250832,0.053691275167785234,7045.285714285715,0.0021616438356164384,117800,119635.57,1835.570000000007,1.558208828522926
Mercedes-Benz,3.95,49150,1202,77600,1991,1680,46713,155,2,0,1,0,0,0,0,0,1,0,12,23.46207935710698,0.09226190476190477,4095.8333333333335,0.001082191780821918,93200,86302.66,6897.3399999999965,7.400579399141627
Bentley,6.0,20000,3940,46229,3993,2370,124037,388,2,0,0,0,0,0,1,0,1,0,10,31.063611319809667,0.16371308016877636,2000.0,0.0016438356164383563,468000,416685.34,51314.659999999974,10.964670940170935
Volkswagen,6.19,60900,620,46778,1390,1245,19017,90,1,0,0,0,0,0,1,0,1,0,10,13.681294964028776,0.07228915662650602,6090.0,0.0016958904109589043,78800,66117.67,12682.330000000002,16.094327411167512
Bentley,3.97,63000,3940,75002,3993,2417,200417,373,1,0,1,0,0,0,0,0,1,0,11,50.192086150763835,0.15432354158047165,5727.272727272727,0.0010876712328767124,368900,443246.22,74346.21999999997,20.153488750338838
Audi,7.03,47200,392,36426,999,1275,24173,85,1,1,0,0,0,0,0,0,1,0,8,24.197197197197198,0.06666666666666667,5900.0,0.001926027397260274,96000,93820.62,2179.3800000000047,2.270187500000005
BMW,9.47,3800,684,39500,1499,1375,35546,103,2,0,1,0,0,0,0,0,1,0,6,23.713142094729818,0.07490909090909091,633.3333333333334,0.0025945205479452056,143800,157277.29,13477.290000000008,9.372246175243399
BMW,5.64,78900,684,52807,1499,1515,32697,100,3,0,0,0,0,0,1,0,1,0,10,21.812541694462976,0.066006600660066,7890.0,0.0015452054794520547,111800,95975.12,15824.880000000005,14.154633273703046
Mercedes-Benz,6.76,54000,1202,38801,1991,1785,47965,155,1,0,0,0,0,1,0,0,1,0,9,24.09090909090909,0.08683473389355742,6000.0,0.001852054794520548,183800,166941.26,16858.73999999999,9.172328618063107
Toyota,5.1,73000,1792,57010,2494,1475,29296,133,2,0,1,0,0,0,0,0,1,0,10,11.746591820368886,0.09016949152542372,7300.0,0.0013972602739726026,77000,74442.55,2557.449999999997,3.3213636363636327
Mercedes-Benz,6.49,12053,740,49189,1595,1425,37239,115,1,0,1,0,0,0,0,0,1,0,9,23.347335423197492,0.08070175438596491,1339.2222222222222,0.001778082191780822,131800,132226.81,426.8099999999977,0.32383156297420157
Mitsubishi,5.21,110000,1815,54463,1997,1410,35710,206,3,0,0,0,0,0,1,0,0,1,21,17.881822734101153,0.14609929078014183,5238.0952380952385,0.0014273972602739727,168888,103522.18,65365.82000000001,38.70364975605135
Ford,5.29,50000,1520,57002,2261,1760,48552,233,3,0,0,0,0,0,1,0,1,0,10,21.473684210526315,0.13238636363636364,5000.0,0.0014493150684931507,158888,148202.97,10685.029999999999,6.724881677659734
Mercedes-Benz,2.09,66000,740,64839,1595,1485,31746,115,4,0,1,0,0,0,0,0,1,0,13,19.90344827586207,0.07744107744107744,5076.923076923077,0.0005726027397260274,46800,45366.5,1433.5,3.0630341880341883
Honda,2.39,164000,767,15142,1339,1010,12078,73,4,1,0,0,0,0,0,0,1,0,18,9.0201643017177,0.07227722772277227,9111.111111111111,0.0006547945205479452,17000,17612.3,612.2999999999993,3.6017647058823488
Toyota,9.99,78000,1638,49716,2362,1750,39486,125,3,0,0,1,0,0,0,0,1,0,15,16.71718882303133,0.07142857142857142,5200.0,0.002736986301369863,93800,84856.44,8943.559999999998,9.534712153518122
Toyota,7.64,13500,182,8000,1496,1100,15741,79,2,0,0,0,1,0,0,0,1,0,7,10.522058823529411,0.07181818181818182,1928.5714285714287,0.0020931506849315067,59800,60114.05,314.0500000000029,0.5251672240802724
Mitsubishi,7.65,103500,954,26047,1584,1162,14734,79,4,0,0,0,1,0,0,0,1,0,17,9.301767676767676,0.06798623063683305,6088.235294117647,0.002095890410958904,52800,48373.37,4426.629999999997,8.383768939393935
Mazda,6.15,74049,682,51600,1496,1310,14934,88,2,0,0,0,1,0,0,0,1,0,9,9.982620320855615,0.06717557251908397,8227.666666666666,0.001684931506849315,59900,61185.81,1285.8099999999977,2.146594323873118
Honda,4.91,82336,684,45504,1498,1046,16198,96,1,1,0,0,0,0,0,0,1,0,10,10.813084112149532,0.09177820267686425,8233.6,0.0013452054794520548,55888,52835.74,3052.260000000002,5.461387059833958
Volkswagen,5.98,48000,620,51106,1390,1417,20867,90,2,0,0,0,1,0,0,0,1,0,10,15.012230215827339,0.06351446718419196,4800.0,0.0016383561643835618,67800,67435.21,364.7899999999936,0.5380383480825864
Mercedes-Benz,1.37,71000,7404,80001,6208,1730,97182,336,4,0,0,0,0,0,1,0,1,0,14,15.654317010309278,0.19421965317919074,5071.428571428572,0.0003753424657534247,118800,144210.11,25410.109999999986,21.38898148148147
Porsche,9.24,59000,3375,32914,3436,1450,86960,235,3,0,0,0,0,0,1,0,1,0,16,25.30849825378347,0.16206896551724137,3687.5,0.0025315068493150686,174800,124552.74,50247.259999999995,28.745572082379862
Mercedes-Benz,6.88,41700,740,37605,1595,1425,37239,115,1,0,1,0,0,0,0,0,1,0,9,23.347335423197492,0.08070175438596491,4633.333333333333,0.001884931506849315,130800,128973.5,1826.5,1.3964067278287462
SEAT,8.47,24000,624,39700,1395,1375,28355,110,1,0,0,0,0,1,0,0,1,0,8,20.32616487455197,0.08,3000.0,0.0023205479452054795,114800,119018.63,4218.630000000005,3.674764808362373
Kia,8.15,19998,738,36704,1591,1287,18634,93,1,0,0,0,1,0,0,0,1,0,8,11.71213073538655,0.07226107226107226,2499.75,0.002232876712328767,83800,86397.12,2597.1199999999953,3.099188544152739
Mercedes-Benz,8.45,14288,740,30000,1595,1435,28463,90,2,0,0,0,0,1,0,0,1,0,7,17.84514106583072,0.0627177700348432,2041.142857142857,0.0023150684931506848,128800,130152.83,1352.8300000000017,1.0503338509316784
Honda,3.94,103020,1630,76612,2356,1855,27771,129,1,0,0,1,0,0,0,0,1,0,11,11.787351443123939,0.06954177897574124,9365.454545454546,0.0010794520547945205,67800,68072.33,272.33000000000175,0.4016666666666693
Mercedes-Benz,8.45,13728,740,32309,1595,1435,27705,90,1,0,0,0,0,1,0,0,1,0,7,17.369905956112852,0.0627177700348432,1961.142857142857,0.0023150684931506848,127800,129435.85,1635.8500000000058,1.280007824726139
Honda,4.85,82000,684,45504,1498,1046,16645,96,1,1,0,0,0,0,0,0,1,0,10,11.111481975967957,0.09177820267686425,8200.0,0.001328767123287671,52800,53352.35,552.3499999999985,1.0461174242424214
BMW,9.07,131000,2598,33568,2979,1700,59744,225,3,0,1,0,0,0,0,0,1,0,16,20.055052030882848,0.1323529411764706,8187.5,0.0024849315068493152,89888,100386.91,10498.910000000003,11.679990655037384
Honda,1.32,177000,1369,25178,1799,1370,17267,103,3,0,0,1,0,0,0,0,1,0,19,9.59811006114508,0.07518248175182482,9315.78947368421,0.0003616438356164384,10700,11706.88,1006.8799999999992,9.410093457943917
McLaren,2.56,21000,3634,83000,3798,1514,258483,460,2,0,0,0,0,0,1,0,1,0,13,68.05766192733017,0.3038309114927345,1615.3846153846155,0.0007013698630136987,448000,720429.48,272429.48,60.81015178571428
Toyota,7.58,110000,2129,31335,2362,1540,27382,123,2,0,1,0,0,0,0,0,1,0,18,11.592718035563083,0.07987012987012987,6111.111111111111,0.0020767123287671234,54800,54042.52,757.4800000000032,1.3822627737226336
Honda,7.53,142000,1271,31553,1799,1350,17982,103,4,0,0,1,0,0,0,0,1,0,18,9.995553085047248,0.07629629629629629,7888.888888888889,0.002063013698630137,47800,49588.88,1788.8799999999974,3.7424267782426726
BMW,2.23,85500,1210,83001,1997,1615,46840,135,4,0,1,0,0,0,0,0,1,0,13,23.45518277416124,0.08359133126934984,6576.923076923077,0.000610958904109589,65000,65789.01,789.0099999999948,1.2138615384615303
Mercedes-Benz,6.64,36000,740,47002,1595,1425,37239,115,1,0,1,0,0,0,0,0,1,0,9,23.347335423197492,0.08070175438596491,4000.0,0.0018191780821917808,127500,129429.95,1929.949999999997,1.5136862745098016
Ferrari,7.56,4800,3796,30851,3902,1565,287696,493,2,0,0,0,0,0,1,0,1,0,8,73.73039466940031,0.3150159744408946,600.0,0.0020712328767123287,890000,833789.52,56210.47999999998,6.315784269662919
Nissan,5.77,45000,1786,51000,2488,1975,37111,125,2,0,0,1,0,0,0,0,1,0,10,14.915996784565916,0.06329113924050633,4500.0,0.001580821917808219,106800,114140.04,7340.039999999994,6.872696629213477
Porsche,6.9,85000,4189,38712,3387,1395,102153,223,2,0,0,0,0,0,1,0,1,0,18,30.16031886625332,0.15985663082437276,4722.222222222223,0.0018904109589041097,140888,129368.81,11519.190000000002,8.176132814718077
Mercedes-Benz,9.58,6900,2382,49300,2996,1875,76153,287,1,0,0,0,0,1,0,0,1,0,6,25.41822429906542,0.15306666666666666,1150.0,0.0026246575342465752,339900,300465.05,39434.95000000001,11.601927037363934
